-- phpMyAdmin SQL Dump
-- version 4.8.3
-- https://www.phpmyadmin.net/
--
-- Servidor: 127.0.0.1
-- Tiempo de generación: 15-07-2020 a las 20:30:13
-- Versión del servidor: 10.1.35-MariaDB
-- Versión de PHP: 7.2.9

SET SQL_MODE = "NO_AUTO_VALUE_ON_ZERO";
SET AUTOCOMMIT = 0;
START TRANSACTION;
SET time_zone = "+00:00";


/*!40101 SET @OLD_CHARACTER_SET_CLIENT=@@CHARACTER_SET_CLIENT */;
/*!40101 SET @OLD_CHARACTER_SET_RESULTS=@@CHARACTER_SET_RESULTS */;
/*!40101 SET @OLD_COLLATION_CONNECTION=@@COLLATION_CONNECTION */;
/*!40101 SET NAMES utf8mb4 */;

--
-- Base de datos: `bdjad`
--

-- --------------------------------------------------------

--
-- Estructura de tabla para la tabla `alumno`
--

CREATE TABLE `alumno` (
  `alum_id` int(10) UNSIGNED NOT NULL,
  `alum_dni` varchar(8) COLLATE utf8mb4_unicode_ci NOT NULL,
  `alum_ape` varchar(70) COLLATE utf8mb4_unicode_ci NOT NULL,
  `alum_nom` varchar(70) COLLATE utf8mb4_unicode_ci NOT NULL,
  `alum_sexo` int(11) NOT NULL,
  `alum_fnac` date NOT NULL,
  `alum_grad` int(11) NOT NULL,
  `alum_est` int(11) NOT NULL DEFAULT '1',
  `alum_apod` int(11) NOT NULL,
  `alum_user` int(10) UNSIGNED NOT NULL
) ENGINE=InnoDB DEFAULT CHARSET=utf8mb4 COLLATE=utf8mb4_unicode_ci;

--
-- Volcado de datos para la tabla `alumno`
--

INSERT INTO `alumno` (`alum_id`, `alum_dni`, `alum_ape`, `alum_nom`, `alum_sexo`, `alum_fnac`, `alum_grad`, `alum_est`, `alum_apod`, `alum_user`) VALUES
(7, '70743435', 'CAM PIZARRO', 'GENGIS', 1, '2007-09-29', 7, 1, 9, 70743435),
(8, '61213486', 'AZABACHE BELLIDO', 'JORGE CARLOS ERNESTO', 1, '2007-03-10', 8, 1, 7, 61213486),
(9, '71175886', 'URQUIAGA MERINO', 'FABIANA MICAELA', 0, '2008-02-27', 7, 1, 12, 71175886),
(10, '61184063', 'VILLANUEVA DOMÍNGUEZ', 'RENZO', 1, '2007-10-31', 7, 1, 15, 61184063),
(11, '70742621', 'GONZALES VASQUEZ', 'DANIELA', 0, '2007-10-04', 7, 1, 14, 70742621),
(12, '61876657', 'RODRIGUEZ GONZALES', 'ALEJANDRO', 1, '2007-09-11', 7, 1, 11, 61876657),
(13, '71146067', 'POÑO MONROE', 'FABIÁN', 1, '2007-12-28', 7, 1, 10, 71146067),
(14, '72052749', 'ORTIZ AGUIRRE', 'ALEXA', 0, '2008-07-14', 6, 1, 8, 72052749),
(15, '77959950', 'BARRERA DIAZ', 'GAEL', 1, '2013-01-20', 2, 1, 37, 77959950),
(16, '78468782', 'CASTRO CHACALIAZA', 'THYAGO', 1, '2014-09-21', 1, 1, 16, 78468782),
(17, '78148343', 'RODRÍGUEZ LEONARDO', 'MARÍA CELESTE', 0, '2013-07-14', 1, 1, 17, 78148343),
(18, '76703306', 'CASTRO CHACALIAZA', 'THAYZ', 0, '2012-05-30', 2, 1, 16, 76703306),
(19, '81225823', 'SALAZAR CUBAS', 'BELEN', 0, '2011-05-13', 3, 1, 18, 81225823),
(20, '77109917', 'DEFILIPPI NEYRA', 'IVY', 0, '2011-05-22', 3, 1, 19, 77109917),
(21, '61917834', 'TAMANI LEONARDO', 'MAO', 1, '2009-12-16', 4, 1, 20, 61917834),
(22, '77522755', 'PIMINCHUMO DEXTRE', 'JOAQUÍN', 1, '2012-01-12', 3, 1, 31, 77522755),
(23, '77751151', 'CHIPANA HUALLPA', 'LETIZIA', 0, '2012-06-29', 2, 1, 32, 77751151),
(24, '63160124', 'MERINO GAVILANO', 'MESUT', 1, '2012-02-05', 3, 1, 33, 63160124),
(25, '63304628', 'BERRU GARCÍA', 'FRAND', 1, '2012-05-24', 2, 1, 34, 63304628),
(26, '77622455', 'RODRÍGUEZ GALINDO', 'ANGEL', 1, '2012-04-10', 2, 1, 21, 77622455),
(27, '77308389', 'TARAZONA HEREDIA', 'MARILYN', 0, '2011-09-12', 3, 1, 42, 77308389),
(28, '77307624', 'VINCES GÓMEZ', 'RICGEL', 0, '2011-09-12', 3, 1, 36, 77307624),
(29, '62922064', 'TORRES LÓPEZ', 'JUAN PABLO', 1, '2011-08-18', 3, 1, 35, 62922064),
(30, '70488782', 'AS RANDA FINETTI', 'JULIANA', 0, '2006-07-10', 8, 1, 29, 70488782),
(31, '76277258', 'SALGUERO EGUSQUIZA', 'JOSEPHLYN', 0, '2006-04-28', 9, 1, 41, 76277258),
(32, '60796642', 'JARA GARCÍA', 'ANGELLA', 0, '2006-09-02', 8, 1, 30, 60796642),
(33, '70592790', 'RAIME LEVITA', 'SAMUEL', 1, '2006-11-21', 8, 1, 39, 70592790),
(34, '75876911', 'TEJADA BAZAN', 'CELESTE', 0, '2006-01-26', 9, 1, 40, 75876911),
(35, '72372581', 'MARRUFO LAZO', 'JOSÉ ANDREE', 1, '2005-01-08', 10, 1, 38, 72372581),
(36, '77225584', 'FUNEGRA GONZALES', 'ROBERTO', 1, '2005-10-27', 9, 1, 13, 77225584),
(37, '75032578', 'RODRÍGUEZ GALINDO', 'CARITO', 0, '2010-11-03', 4, 1, 21, 75032578),
(38, '74275103', 'VALVERDE CONTRERAS', 'FÁTIMA', 0, '2010-06-20', 4, 1, 22, 74275103),
(39, '61887368', 'ACHICAHUALA VÁSQUEZ', 'MAYCOL', 1, '2009-09-15', 5, 1, 23, 61887368),
(40, '71169722', 'ALVARADO SALIRROSAS', 'RICARDO MARTÍN', 1, '2008-05-23', 6, 1, 24, 71169722),
(41, '72998023', 'CAMPOS HERRERA', 'SANDRO', 1, '2009-02-01', 5, 1, 25, 72998023),
(42, '74516988', 'CHIPANA ZULOAGA', 'ANDRE MATEO', 1, '2010-07-06', 4, 1, 26, 74516988),
(43, '61997881', 'DÍAZ PINEDA', 'ENRIQUE', 1, '2009-04-22', 5, 1, 27, 61997881),
(44, '74681279', 'ALTAMIRANO RAVINES', 'DYLAN', 1, '2010-09-28', 4, 1, 28, 74681279),
(45, '74107428', 'TARAZONA CHARCAPE', 'GAEL', 1, '2010-03-10', 5, 1, 42, 74107428),
(46, '73108006', 'ARANDA FINETTI', 'NICOLÁS', 1, '2004-07-21', 9, 1, 29, 73108006),
(47, '77738642', 'LEONARDO ORTIZ', 'ZOE', 0, '2012-07-26', 2, 1, 43, 77738642),
(48, '77093796', 'CHIPANA TTITO', 'MAYTE', 0, '2004-12-15', 10, 1, 44, 77093796),
(49, '72738868', 'VILLANUEVA DOMINGUEZ', 'DIEGO', 1, '2004-05-15', 11, 1, 15, 72738868),
(50, '75455178', 'PURCA GERONIMO', 'SEBASTIAN', 1, '2005-01-10', 10, 1, 45, 75455178),
(51, '72903133', 'TORRES PUPPO', 'VALERIA', 0, '2004-07-21', 11, 1, 46, 72903133),
(52, '73010468', 'ARAICO GUERRERO', 'WALTER JUNIOR', 1, '2003-03-08', 11, 1, 47, 73010468),
(53, '71367888', 'SAMAN CASTRO', 'JHOSHIAN', 1, '2008-05-17', 5, 1, 48, 71367888),
(54, '76608869', 'CAM PIZARRO', 'KAMILA', 0, '2004-04-17', 11, 1, 9, 76608869),
(55, '74877020', 'GUERRA FERNANDEZ', 'ROSA', 0, '2003-05-24', 11, 1, 49, 74877020),
(56, '79647016', 'VALLE LEVITA', 'ROANA LISSET', 0, '2006-06-07', 8, 1, 50, 79647016);

-- --------------------------------------------------------

--
-- Estructura de tabla para la tabla `alumno_curso`
--

CREATE TABLE `alumno_curso` (
  `id` bigint(20) UNSIGNED NOT NULL,
  `curso_id` int(11) NOT NULL,
  `alumno_id` int(11) NOT NULL
) ENGINE=InnoDB DEFAULT CHARSET=utf8mb4 COLLATE=utf8mb4_unicode_ci;

--
-- Volcado de datos para la tabla `alumno_curso`
--

INSERT INTO `alumno_curso` (`id`, `curso_id`, `alumno_id`) VALUES
(1, 1, 16),
(2, 1, 17),
(3, 2, 15),
(4, 2, 25),
(5, 2, 18),
(6, 2, 23),
(7, 2, 47),
(8, 2, 26),
(9, 3, 7),
(10, 3, 11),
(11, 3, 13),
(12, 3, 12),
(13, 3, 9),
(14, 3, 10),
(15, 4, 20),
(16, 4, 24),
(17, 4, 22),
(18, 4, 19),
(19, 4, 27),
(20, 4, 29),
(21, 4, 28),
(22, 5, 30),
(23, 5, 8),
(24, 5, 32),
(25, 5, 33),
(26, 6, 44),
(27, 6, 42),
(28, 6, 37),
(29, 6, 21),
(30, 6, 38),
(31, 7, 46),
(32, 7, 36),
(33, 7, 31),
(34, 7, 34),
(35, 10, 48),
(36, 10, 35),
(37, 10, 50),
(38, 8, 39),
(39, 8, 41),
(40, 8, 43),
(41, 8, 53),
(42, 8, 45),
(43, 11, 52),
(44, 11, 54),
(45, 11, 55),
(46, 11, 51),
(47, 11, 49),
(48, 9, 40),
(49, 9, 14),
(50, 5, 56),
(51, 12, 16),
(52, 12, 17),
(53, 13, 15),
(54, 13, 25),
(55, 13, 18),
(56, 13, 23),
(57, 13, 47),
(58, 13, 26),
(59, 14, 20),
(60, 14, 24),
(61, 14, 22),
(62, 14, 19),
(63, 14, 27),
(64, 14, 29),
(65, 14, 28),
(66, 15, 44),
(67, 15, 42),
(68, 15, 37),
(69, 15, 21),
(70, 15, 38),
(71, 16, 39),
(72, 16, 41),
(73, 16, 43),
(74, 16, 53),
(75, 16, 45),
(76, 17, 40),
(77, 17, 14),
(78, 18, 7),
(79, 18, 11),
(80, 18, 13),
(81, 18, 12),
(82, 18, 9),
(83, 18, 10),
(84, 19, 30),
(85, 19, 8),
(86, 19, 32),
(87, 19, 33),
(88, 19, 56),
(89, 20, 46),
(90, 20, 36),
(91, 20, 31),
(92, 20, 34),
(93, 21, 48),
(94, 21, 35),
(95, 21, 50),
(96, 22, 52),
(97, 22, 54),
(98, 22, 55),
(99, 22, 51),
(100, 22, 49),
(101, 23, 16),
(102, 23, 17),
(103, 24, 15),
(104, 24, 25),
(105, 24, 18),
(106, 24, 23),
(107, 24, 47),
(108, 24, 26),
(109, 25, 20),
(110, 25, 24),
(111, 25, 22),
(112, 25, 19),
(113, 25, 27),
(114, 25, 29),
(115, 25, 28),
(116, 28, 44),
(117, 28, 42),
(118, 28, 37),
(119, 28, 21),
(120, 28, 38),
(121, 26, 16),
(122, 26, 17),
(123, 29, 39),
(124, 29, 41),
(125, 29, 43),
(126, 29, 53),
(127, 29, 45),
(128, 37, 7),
(129, 37, 11),
(130, 37, 13),
(131, 37, 12),
(132, 37, 9),
(133, 37, 10),
(134, 27, 15),
(135, 27, 25),
(136, 27, 18),
(137, 27, 23),
(138, 27, 47),
(139, 27, 26),
(140, 32, 40),
(141, 32, 14),
(142, 39, 30),
(143, 39, 8),
(144, 39, 32),
(145, 39, 33),
(146, 39, 56),
(147, 34, 7),
(148, 34, 11),
(149, 34, 13),
(150, 34, 12),
(151, 34, 9),
(152, 34, 10),
(153, 30, 20),
(154, 30, 24),
(155, 30, 22),
(156, 30, 19),
(157, 30, 27),
(158, 30, 29),
(159, 30, 28),
(160, 36, 30),
(161, 36, 8),
(162, 36, 32),
(163, 36, 33),
(164, 36, 56),
(165, 41, 46),
(166, 41, 36),
(167, 41, 31),
(168, 41, 34),
(169, 31, 44),
(170, 31, 42),
(171, 31, 37),
(172, 31, 21),
(173, 31, 38),
(174, 38, 46),
(175, 38, 36),
(176, 38, 31),
(177, 38, 34),
(178, 43, 48),
(179, 43, 35),
(180, 43, 50),
(181, 40, 48),
(182, 40, 35),
(183, 40, 50),
(184, 33, 39),
(185, 33, 41),
(186, 33, 43),
(187, 33, 53),
(188, 33, 45),
(189, 44, 52),
(190, 44, 54),
(191, 44, 55),
(192, 44, 51),
(193, 44, 49),
(194, 35, 40),
(195, 35, 14),
(196, 42, 52),
(197, 42, 54),
(198, 42, 55),
(199, 42, 51),
(200, 42, 49),
(201, 50, 16),
(202, 50, 17),
(203, 52, 15),
(204, 52, 25),
(205, 52, 18),
(206, 52, 23),
(207, 52, 47),
(208, 52, 26),
(209, 53, 20),
(210, 53, 24),
(211, 53, 22),
(212, 53, 19),
(213, 53, 27),
(214, 53, 29),
(215, 53, 28),
(216, 54, 44),
(217, 54, 42),
(218, 54, 37),
(219, 54, 21),
(220, 54, 38),
(221, 56, 39),
(222, 56, 41),
(223, 56, 43),
(224, 56, 53),
(225, 56, 45),
(226, 57, 40),
(227, 57, 14),
(228, 62, 16),
(229, 62, 17),
(230, 64, 15),
(231, 64, 25),
(232, 64, 18),
(233, 64, 23),
(234, 64, 47),
(235, 64, 26),
(236, 45, 16),
(237, 45, 17),
(238, 46, 15),
(239, 46, 25),
(240, 46, 18),
(241, 46, 23),
(242, 46, 47),
(243, 46, 26),
(244, 55, 20),
(245, 55, 24),
(246, 55, 22),
(247, 55, 19),
(248, 55, 27),
(249, 55, 29),
(250, 55, 28),
(251, 59, 30),
(252, 59, 8),
(253, 59, 32),
(254, 59, 33),
(255, 59, 56),
(256, 63, 7),
(257, 63, 11),
(258, 63, 13),
(259, 63, 12),
(260, 63, 9),
(261, 63, 10),
(262, 65, 30),
(263, 65, 8),
(264, 65, 32),
(265, 65, 33),
(266, 65, 56),
(267, 58, 7),
(268, 58, 11),
(269, 58, 13),
(270, 58, 12),
(271, 58, 9),
(272, 58, 10),
(273, 76, 46),
(274, 76, 36),
(275, 76, 31),
(276, 76, 34),
(277, 77, 48),
(278, 77, 35),
(279, 77, 50),
(280, 78, 52),
(281, 78, 54),
(282, 78, 55),
(283, 78, 51),
(284, 78, 49),
(285, 51, 46),
(286, 51, 36),
(287, 51, 31),
(288, 51, 34),
(289, 49, 40),
(290, 49, 14),
(291, 48, 39),
(292, 48, 41),
(293, 48, 43),
(294, 48, 53),
(295, 48, 45),
(296, 61, 52),
(297, 61, 54),
(298, 61, 55),
(299, 61, 51),
(300, 61, 49),
(301, 60, 48),
(302, 60, 35),
(303, 60, 50),
(304, 66, 20),
(305, 66, 24),
(306, 66, 22),
(307, 66, 19),
(308, 66, 27),
(309, 66, 29),
(310, 66, 28),
(311, 47, 44),
(312, 47, 42),
(313, 47, 37),
(314, 47, 21),
(315, 47, 38),
(316, 68, 44),
(317, 68, 42),
(318, 68, 37),
(319, 68, 21),
(320, 68, 38),
(321, 69, 39),
(322, 69, 41),
(323, 69, 43),
(324, 69, 53),
(325, 69, 45),
(326, 70, 40),
(327, 70, 14),
(328, 71, 7),
(329, 71, 11),
(330, 71, 13),
(331, 71, 12),
(332, 71, 9),
(333, 71, 10),
(334, 73, 46),
(335, 73, 36),
(336, 73, 31),
(337, 73, 34),
(338, 74, 48),
(339, 74, 35),
(340, 74, 50),
(341, 75, 52),
(342, 75, 54),
(343, 75, 55),
(344, 75, 51),
(345, 75, 49),
(346, 72, 30),
(347, 72, 8),
(348, 72, 32),
(349, 72, 33),
(350, 72, 56);

-- --------------------------------------------------------

--
-- Estructura de tabla para la tabla `apoderado`
--

CREATE TABLE `apoderado` (
  `apod_id` int(10) UNSIGNED NOT NULL,
  `apod_dni` varchar(8) COLLATE utf8mb4_unicode_ci NOT NULL,
  `apod_ape` varchar(70) COLLATE utf8mb4_unicode_ci NOT NULL,
  `apod_nom` varchar(70) COLLATE utf8mb4_unicode_ci NOT NULL,
  `apod_sexo` int(11) NOT NULL,
  `apod_email` varchar(70) COLLATE utf8mb4_unicode_ci DEFAULT NULL,
  `apod_tel` varchar(11) COLLATE utf8mb4_unicode_ci DEFAULT NULL
) ENGINE=InnoDB DEFAULT CHARSET=utf8mb4 COLLATE=utf8mb4_unicode_ci;

--
-- Volcado de datos para la tabla `apoderado`
--

INSERT INTO `apoderado` (`apod_id`, `apod_dni`, `apod_ape`, `apod_nom`, `apod_sexo`, `apod_email`, `apod_tel`) VALUES
(7, '10799867', 'BELLIDO CALLE', 'BIELKA LIZBETH', 0, 'bielkabellido37sss@gmail.com', '986957620'),
(8, '44903705', 'ORTIZ CARRION', 'LUIS ALEX', 1, 'luisalexortiz25sss@gmail.com', '994778361'),
(9, '09646228', 'CAM URBINA', 'HECTOR GENGIS', 1, 'gengiscam17sss@gmail.com', '998075193'),
(10, '10799457', 'MONROE CAMAYO', 'CAROLINA MERCEDES', 0, 'carosaguitasss@gmail.coms', '956323680'),
(11, '40530656', 'GONZALES RAMIREZ', 'ROSS LLENY', 0, 'rossllenysss@hotmail.com', '958500661'),
(12, '41065830', 'MERINO EGUILUZ DE URQUIAGA', 'GABRIELA MERCEDES', 0, 'gaby.merino.ursss@gmail.com', '987731044'),
(13, '25776918', 'GONZALES MONCADA', 'MARIELLA MARGARITA', 0, 'mariellagonzales69sss@gmail.com', '999531096'),
(14, '25757057', 'VASQUEZ ESPINOZA DE GONZALES', 'CARMEN PATRICIA', 0, 'cvasquezesss@richmondelt.com', '944004056'),
(15, '41436411', 'DOMINGUEZ GARCIA', 'MARILUZ', 0, 'marita232dgsss@gmail.com', '997151405'),
(16, '76703306', 'CHACALIAZA MENDEZ', 'LESLIE MARIBEL', 0, 'joqtan.jr@gmail.com', '948074519'),
(17, '47178755', 'LEONARDO GRADOS', 'ROSA MARIA', 0, 'rosaleonardo165sss@gmail.com', '967853072'),
(18, '40580540', 'CUBAS PINTO', 'CARLA MILAGROS', 0, 'carcubaspintosss@gmail.com', '982057324'),
(19, '44192939', 'DEFILIPPI BACALLA', 'ALDO GIOVANNI', 1, 'defilippi.aldosss@gmail.com', '987205682'),
(20, '47051515', 'LEONARDO GRADOS', 'MICAELA ROXANA', 0, 'Mikaleonardo46sss@gmail.com', '947096504'),
(21, '44202912', 'RODRIGUEZ DUEÑAS', 'JEAN PIERRE RICARDO', 1, 'Jeanpierrerodriguez5sss@gmail.com', '924705293'),
(22, '43832513', 'CONTRERAS FLORES', 'DENISSE JAHAIRA', 0, 'Denissecontreras2010sss@gmail.com', '960159306'),
(23, '44198903', 'VASQUEZ OLIVERA', 'CELIDA', 0, 'marthaolivera1402sss@gmail.com', '941953462'),
(24, '09645185', 'SALIRROSAS PEREZ', 'YANET CLAUDIA', 0, 'yanetsalirrosas437sss@gmail.com', '980035961'),
(25, '09642341', 'BRAITHWAITE BARRERA', 'JUANA', 0, 'jjz_121670sss@hotmail.com', '989895529'),
(26, '32305048', 'ZULOAGA TREJO', 'MIRTHA ALBINA', 0, 'mattcars_6710sss@live.com', '952423267'),
(27, '25565399', 'PINEDA FLORES', 'ELIZABETH JULIA', 0, 'elipinedafloressss@hotmail.com', '950936164'),
(28, '44224199', 'ALTAMIRANO CASAS', 'MANUEL ALBERTO', 1, 'Altamirano.macsss@gmail.com', '913988403'),
(29, '16655470', 'FINETTI PORTUGAL', 'SARA ROSA', 0, 'sararosa_sss@hotmail.com', '950193415'),
(30, '25561163', 'JARA RIVASPLATA', 'EDUARDO ANGEL', 1, 'lesliegarcia998sss@gmail.com', '960192808'),
(31, '41259196', 'DEXTRE AYALA', 'LIZ GIOVANNA', 0, 'Lizgiodextresss@gmail.com', '916915002'),
(32, '09855868', 'HUALLPA MAQUERHUA', 'MARIBEL JULIANA', 0, 'maribelhuallpa6sss@gmail.com', '969400134'),
(33, '47509605', 'GAVILANO BARNADAS', 'ALEXANDRA', 0, 'Alemesutsss@hotmail.com', '987731044'),
(34, '48362249', 'GARCIA CORDOVA', 'ANGELICA', 0, 'angegarciacordovasss@gmail.com', '917383953'),
(35, '40541826', 'TORRES GARCIA', 'PABLO', 1, 'pablotg198sss@gmail.com', '920818898'),
(36, '42466724', 'GOMEZ SEDANO', 'MAYRA MILAGROS', 0, 'mayrin5220sss@hotmail.com', '927590471'),
(37, '47135946', 'DIAZ ROJAS', 'JOHANNA MILAGROS', 0, 'thigaeli03sss@gmail.com', '917519354'),
(38, '09648709', 'LAZO ARAGONEZ', 'CECILIA VICTORIA', 0, 'jmarrufosss@beagle.com.pe', '992653535'),
(39, '07533281', 'RAIME QUISPE', 'CARLOS', 1, 'alexandraraimesssddd@gmail.com', '931078150'),
(40, '09863114', 'BAZAN PEREZ', 'ROSA NORMA', 0, 'tati.182631sss@gmail.com', '917017008'),
(41, '08732029', 'EGUSQUIZA CRUZ', 'PETRONILA HAYDEE', 0, 'hegusquizacsss@gmail.com', '960678030'),
(42, '45610798', 'HEREDIA CIEZA', 'LILIAN VANESSA', 0, 'marcoivantarazonamartelsss@gmail.com', '920839980'),
(43, '41107473', 'ORTIZ ROMAINA', 'LOURDES GICELLA', 0, 'Ortizlourdes986sss@gmail.com', '938720635'),
(44, '10325570', 'TTITO SEGOVIA DE CHIPANA', 'LUCY', 0, 'lucyttitosegovia03sss@gmail.com', '993468680'),
(45, '09273477', 'PURCA ROJAS', 'WALTER BERNARDO', 1, 'purcarojaswalterbernardosss@gmail.com', '951315788'),
(46, '40757168', 'PUPPO OCHOA', 'ELIZABETH DENIS', 0, 'elizabethpupposs@gmail.com', '943907307'),
(47, '09644601', 'GUERRERO GUZMAN', 'MAGALY MIRTHA', 0, 'magi1727sss@hotmail.com', '997178787'),
(48, '09851693', 'SAMAN FLORES', 'JOSE LUIS', 1, 'Joseuis0985163sss@gmail.com', '941549948'),
(49, '10386604', 'FERNANDEZ MESIA', 'MARIA BELMIRA', 0, 'yaoix6067sss@gmail.com', '912046481'),
(50, '25575567', 'VALLE CONTRERAS', 'CARLOS ENRIQUE', 1, 'carlosenriquevalkecontrerassss@gmail.com', '956887104'),
(51, '79063046', 'POMA GARCIA', 'SANDRA MEDALITH', 0, 'prueba@prueba.com', '952852632');

-- --------------------------------------------------------

--
-- Estructura de tabla para la tabla `asignatura`
--

CREATE TABLE `asignatura` (
  `asig_id` bigint(20) UNSIGNED NOT NULL,
  `asig_nom` varchar(100) COLLATE utf8mb4_unicode_ci NOT NULL
) ENGINE=InnoDB DEFAULT CHARSET=utf8mb4 COLLATE=utf8mb4_unicode_ci;

--
-- Volcado de datos para la tabla `asignatura`
--

INSERT INTO `asignatura` (`asig_id`, `asig_nom`) VALUES
(1, 'Matemática'),
(2, 'Comunicación'),
(3, 'Ciencias Sociales'),
(4, 'Ciencia y Tecnología'),
(5, 'Arte y cultura'),
(6, 'Educación Física'),
(7, 'Inglés'),
(8, 'Ajedrez');

-- --------------------------------------------------------

--
-- Estructura de tabla para la tabla `asignatura_docente`
--

CREATE TABLE `asignatura_docente` (
  `id` bigint(20) UNSIGNED NOT NULL,
  `trab_id` int(11) NOT NULL,
  `asig_id` int(11) NOT NULL
) ENGINE=InnoDB DEFAULT CHARSET=utf8mb4 COLLATE=utf8mb4_unicode_ci;

--
-- Volcado de datos para la tabla `asignatura_docente`
--

INSERT INTO `asignatura_docente` (`id`, `trab_id`, `asig_id`) VALUES
(8, 9, 7),
(9, 10, 2),
(10, 10, 3),
(11, 11, 1),
(12, 11, 4),
(13, 12, 5),
(14, 12, 6),
(15, 13, 4),
(16, 14, 1),
(17, 14, 2),
(18, 14, 3),
(19, 14, 4),
(20, 15, 1),
(21, 15, 2),
(22, 15, 3),
(23, 15, 4),
(24, 13, 1);

-- --------------------------------------------------------

--
-- Estructura de tabla para la tabla `asistencia`
--

CREATE TABLE `asistencia` (
  `asis_id` bigint(20) UNSIGNED NOT NULL,
  `asis_idcurso` int(11) NOT NULL,
  `asis_idalumno` int(11) NOT NULL,
  `asis_fecha` date NOT NULL,
  `asis_est` int(11) NOT NULL
) ENGINE=InnoDB DEFAULT CHARSET=utf8mb4 COLLATE=utf8mb4_unicode_ci;

--
-- Volcado de datos para la tabla `asistencia`
--

INSERT INTO `asistencia` (`asis_id`, `asis_idcurso`, `asis_idalumno`, `asis_fecha`, `asis_est`) VALUES
(1, 1, 16, '2020-05-04', 0),
(2, 1, 17, '2020-05-04', 1),
(3, 2, 15, '2020-05-04', 0),
(4, 2, 25, '2020-05-04', 0),
(5, 2, 18, '2020-05-04', 0),
(6, 2, 23, '2020-05-04', 0),
(7, 2, 47, '2020-05-04', 0),
(8, 2, 26, '2020-05-04', 0),
(9, 3, 7, '2020-05-04', 1),
(10, 3, 11, '2020-05-04', 0),
(11, 3, 13, '2020-05-04', 0),
(12, 3, 12, '2020-05-04', 2),
(13, 3, 9, '2020-05-04', 0),
(14, 3, 10, '2020-05-04', 2),
(15, 4, 20, '2020-05-04', 0),
(16, 4, 24, '2020-05-04', 0),
(17, 4, 22, '2020-05-04', 0),
(18, 4, 19, '2020-05-04', 0),
(19, 4, 27, '2020-05-04', 0),
(20, 4, 29, '2020-05-04', 1),
(21, 4, 28, '2020-05-04', 0),
(22, 5, 30, '2020-05-04', 0),
(23, 5, 8, '2020-05-04', 2),
(24, 5, 32, '2020-05-04', 0),
(25, 5, 33, '2020-05-04', 0),
(26, 5, 56, '2020-05-04', 0),
(27, 6, 44, '2020-05-04', 1),
(28, 6, 42, '2020-05-04', 0),
(29, 6, 37, '2020-05-04', 0),
(30, 6, 21, '2020-05-04', 0),
(31, 6, 38, '2020-05-04', 0),
(32, 7, 46, '2020-05-04', 2),
(33, 7, 36, '2020-05-04', 0),
(34, 7, 31, '2020-05-04', 0),
(35, 7, 34, '2020-05-04', 2),
(36, 8, 39, '2020-05-04', 0),
(37, 8, 41, '2020-05-04', 0),
(38, 8, 43, '2020-05-04', 1),
(39, 8, 53, '2020-05-04', 0),
(40, 8, 45, '2020-05-04', 0),
(41, 10, 48, '2020-05-04', 0),
(42, 10, 35, '2020-05-04', 1),
(43, 10, 50, '2020-05-04', 0),
(44, 9, 40, '2020-05-04', 0),
(45, 9, 14, '2020-05-04', 0),
(46, 11, 52, '2020-05-04', 1),
(47, 11, 54, '2020-05-04', 0),
(48, 11, 55, '2020-05-04', 0),
(49, 11, 51, '2020-05-04', 1),
(50, 11, 49, '2020-05-04', 0),
(51, 3, 7, '2020-05-05', 0),
(52, 3, 11, '2020-05-05', 1),
(53, 3, 13, '2020-05-05', 0),
(54, 3, 12, '2020-05-05', 0),
(55, 3, 9, '2020-05-05', 0),
(56, 3, 10, '2020-05-05', 0),
(57, 3, 7, '2020-05-06', 0),
(58, 3, 11, '2020-05-06', 0),
(59, 3, 13, '2020-05-06', 0),
(60, 3, 12, '2020-05-06', 0),
(61, 3, 9, '2020-05-06', 1),
(62, 3, 10, '2020-05-06', 0),
(63, 3, 7, '2020-05-07', 0),
(64, 3, 11, '2020-05-07', 1),
(65, 3, 13, '2020-05-07', 0),
(66, 3, 12, '2020-05-07', 2),
(67, 3, 9, '2020-05-07', 0),
(68, 3, 10, '2020-05-07', 0),
(69, 3, 7, '2020-05-08', 2),
(70, 3, 11, '2020-05-08', 0),
(71, 3, 13, '2020-05-08', 0),
(72, 3, 12, '2020-05-08', 0),
(73, 3, 9, '2020-05-08', 0),
(74, 3, 10, '2020-05-08', 0),
(75, 3, 7, '2020-05-11', 1),
(76, 3, 11, '2020-05-11', 0),
(77, 3, 13, '2020-05-11', 0),
(78, 3, 12, '2020-05-11', 0),
(79, 3, 9, '2020-05-11', 2),
(80, 3, 10, '2020-05-11', 0),
(81, 3, 7, '2020-05-12', 0),
(82, 3, 11, '2020-05-12', 0),
(83, 3, 13, '2020-05-12', 1),
(84, 3, 12, '2020-05-12', 0),
(85, 3, 9, '2020-05-12', 0),
(86, 3, 10, '2020-05-12', 2),
(87, 3, 7, '2020-05-13', 0),
(88, 3, 11, '2020-05-13', 2),
(89, 3, 13, '2020-05-13', 0),
(90, 3, 12, '2020-05-13', 1),
(91, 3, 9, '2020-05-13', 0),
(92, 3, 10, '2020-05-13', 0),
(93, 3, 7, '2020-05-14', 1),
(94, 3, 11, '2020-05-14', 0),
(95, 3, 13, '2020-05-14', 1),
(96, 3, 12, '2020-05-14', 0),
(97, 3, 9, '2020-05-14', 0),
(98, 3, 10, '2020-05-14', 2),
(99, 3, 7, '2020-05-15', 1),
(100, 3, 11, '2020-05-15', 2),
(101, 3, 13, '2020-05-15', 0),
(102, 3, 12, '2020-05-15', 0),
(103, 3, 9, '2020-05-15', 0),
(104, 3, 10, '2020-05-15', 0),
(105, 3, 7, '2020-05-18', 0),
(106, 3, 11, '2020-05-18', 1),
(107, 3, 13, '2020-05-18', 0),
(108, 3, 12, '2020-05-18', 0),
(109, 3, 9, '2020-05-18', 0),
(110, 3, 10, '2020-05-18', 2),
(111, 3, 7, '2020-05-19', 1),
(112, 3, 11, '2020-05-19', 0),
(113, 3, 13, '2020-05-19', 0),
(114, 3, 12, '2020-05-19', 0),
(115, 3, 9, '2020-05-19', 2),
(116, 3, 10, '2020-05-19', 0),
(117, 3, 7, '2020-05-20', 0),
(118, 3, 11, '2020-05-20', 1),
(119, 3, 13, '2020-05-20', 0),
(120, 3, 12, '2020-05-20', 0),
(121, 3, 9, '2020-05-20', 0),
(122, 3, 10, '2020-05-20', 0),
(123, 3, 7, '2020-05-21', 0),
(124, 3, 11, '2020-05-21', 0),
(125, 3, 13, '2020-05-21', 0),
(126, 3, 12, '2020-05-21', 0),
(127, 3, 9, '2020-05-21', 0),
(128, 3, 10, '2020-05-21', 0),
(129, 3, 7, '2020-05-22', 0),
(130, 3, 11, '2020-05-22', 0),
(131, 3, 13, '2020-05-22', 0),
(132, 3, 12, '2020-05-22', 0),
(133, 3, 9, '2020-05-22', 0),
(134, 3, 10, '2020-05-22', 0),
(135, 3, 7, '2020-05-25', 0),
(136, 3, 11, '2020-05-25', 0),
(137, 3, 13, '2020-05-25', 0),
(138, 3, 12, '2020-05-25', 0),
(139, 3, 9, '2020-05-25', 0),
(140, 3, 10, '2020-05-25', 0),
(141, 3, 7, '2020-05-26', 0),
(142, 3, 11, '2020-05-26', 1),
(143, 3, 13, '2020-05-26', 0),
(144, 3, 12, '2020-05-26', 0),
(145, 3, 9, '2020-05-26', 0),
(146, 3, 10, '2020-05-26', 0),
(147, 3, 7, '2020-05-27', 1),
(148, 3, 11, '2020-05-27', 0),
(149, 3, 13, '2020-05-27', 0),
(150, 3, 12, '2020-05-27', 1),
(151, 3, 9, '2020-05-27', 0),
(152, 3, 10, '2020-05-27', 0),
(153, 3, 7, '2020-05-28', 0),
(154, 3, 11, '2020-05-28', 0),
(155, 3, 13, '2020-05-28', 1),
(156, 3, 12, '2020-05-28', 0),
(157, 3, 9, '2020-05-28', 0),
(158, 3, 10, '2020-05-28', 0),
(159, 3, 7, '2020-05-29', 0),
(160, 3, 11, '2020-05-29', 0),
(161, 3, 13, '2020-05-29', 0),
(162, 3, 12, '2020-05-29', 0),
(163, 3, 9, '2020-05-29', 2),
(164, 3, 10, '2020-05-29', 2),
(165, 5, 30, '2020-05-05', 0),
(166, 5, 8, '2020-05-05', 0),
(167, 5, 32, '2020-05-05', 0),
(168, 5, 33, '2020-05-05', 0),
(169, 5, 56, '2020-05-05', 0),
(170, 5, 30, '2020-05-06', 0),
(171, 5, 8, '2020-05-06', 0),
(172, 5, 32, '2020-05-06', 2),
(173, 5, 33, '2020-05-06', 0),
(174, 5, 56, '2020-05-06', 0),
(175, 5, 30, '2020-05-07', 2),
(176, 5, 8, '2020-05-07', 0),
(177, 5, 32, '2020-05-07', 1),
(178, 5, 33, '2020-05-07', 0),
(179, 5, 56, '2020-05-07', 0),
(180, 5, 30, '2020-05-08', 0),
(181, 5, 8, '2020-05-08', 1),
(182, 5, 32, '2020-05-08', 0),
(183, 5, 33, '2020-05-08', 0),
(184, 5, 56, '2020-05-08', 0),
(185, 5, 30, '2020-05-11', 2),
(186, 5, 8, '2020-05-11', 0),
(187, 5, 32, '2020-05-11', 0),
(188, 5, 33, '2020-05-11', 1),
(189, 5, 56, '2020-05-11', 0),
(190, 5, 30, '2020-05-12', 0),
(191, 5, 8, '2020-05-12', 0),
(192, 5, 32, '2020-05-12', 0),
(193, 5, 33, '2020-05-12', 0),
(194, 5, 56, '2020-05-12', 0),
(200, 5, 30, '2020-05-13', 1),
(201, 5, 8, '2020-05-13', 0),
(202, 5, 32, '2020-05-13', 0),
(203, 5, 33, '2020-05-13', 0),
(204, 5, 56, '2020-05-13', 0),
(205, 5, 30, '2020-05-14', 0),
(206, 5, 8, '2020-05-14', 0),
(207, 5, 32, '2020-05-14', 0),
(208, 5, 33, '2020-05-14', 0),
(209, 5, 56, '2020-05-14', 0),
(210, 5, 30, '2020-05-15', 0),
(211, 5, 8, '2020-05-15', 0),
(212, 5, 32, '2020-05-15', 0),
(213, 5, 33, '2020-05-15', 0),
(214, 5, 56, '2020-05-15', 2),
(215, 5, 30, '2020-05-18', 0),
(216, 5, 8, '2020-05-18', 0),
(217, 5, 32, '2020-05-18', 0),
(218, 5, 33, '2020-05-18', 0),
(219, 5, 56, '2020-05-18', 0),
(220, 5, 30, '2020-05-19', 0),
(221, 5, 8, '2020-05-19', 0),
(222, 5, 32, '2020-05-19', 0),
(223, 5, 33, '2020-05-19', 0),
(224, 5, 56, '2020-05-19', 0),
(225, 5, 30, '2020-05-20', 0),
(226, 5, 8, '2020-05-20', 0),
(227, 5, 32, '2020-05-20', 0),
(228, 5, 33, '2020-05-20', 0),
(229, 5, 56, '2020-05-20', 0),
(230, 5, 30, '2020-05-21', 0),
(231, 5, 8, '2020-05-21', 0),
(232, 5, 32, '2020-05-21', 0),
(233, 5, 33, '2020-05-21', 0),
(234, 5, 56, '2020-05-21', 0),
(235, 5, 30, '2020-05-22', 0),
(236, 5, 8, '2020-05-22', 0),
(237, 5, 32, '2020-05-22', 0),
(238, 5, 33, '2020-05-22', 0),
(239, 5, 56, '2020-05-22', 0),
(240, 5, 30, '2020-05-25', 0),
(241, 5, 8, '2020-05-25', 0),
(242, 5, 32, '2020-05-25', 0),
(243, 5, 33, '2020-05-25', 1),
(244, 5, 56, '2020-05-25', 0),
(245, 5, 30, '2020-05-26', 0),
(246, 5, 8, '2020-05-26', 0),
(247, 5, 32, '2020-05-26', 2),
(248, 5, 33, '2020-05-26', 0),
(249, 5, 56, '2020-05-26', 0),
(250, 5, 30, '2020-05-27', 0),
(251, 5, 8, '2020-05-27', 2),
(252, 5, 32, '2020-05-27', 0),
(253, 5, 33, '2020-05-27', 0),
(254, 5, 56, '2020-05-27', 0),
(255, 5, 30, '2020-05-28', 0),
(256, 5, 8, '2020-05-28', 0),
(257, 5, 32, '2020-05-28', 0),
(258, 5, 33, '2020-05-28', 1),
(259, 5, 56, '2020-05-28', 2),
(260, 5, 30, '2020-05-29', 1),
(261, 5, 8, '2020-05-29', 0),
(262, 5, 32, '2020-05-29', 0),
(263, 5, 33, '2020-05-29', 0),
(264, 5, 56, '2020-05-29', 0),
(265, 7, 46, '2020-05-05', 0),
(266, 7, 36, '2020-05-05', 1),
(267, 7, 31, '2020-05-05', 2),
(268, 7, 34, '2020-05-05', 0),
(269, 7, 46, '2020-05-06', 0),
(270, 7, 36, '2020-05-06', 0),
(271, 7, 31, '2020-05-06', 0),
(272, 7, 34, '2020-05-06', 0),
(273, 7, 46, '2020-05-07', 1),
(274, 7, 36, '2020-05-07', 0),
(275, 7, 31, '2020-05-07', 0),
(276, 7, 34, '2020-05-07', 0),
(277, 7, 46, '2020-05-08', 0),
(278, 7, 36, '2020-05-08', 2),
(279, 7, 31, '2020-05-08', 0),
(280, 7, 34, '2020-05-08', 0),
(281, 7, 46, '2020-05-11', 2),
(282, 7, 36, '2020-05-11', 0),
(283, 7, 31, '2020-05-11', 0),
(284, 7, 34, '2020-05-11', 0),
(285, 7, 46, '2020-05-12', 0),
(286, 7, 36, '2020-05-12', 0),
(287, 7, 31, '2020-05-12', 0),
(288, 7, 34, '2020-05-12', 0),
(289, 7, 46, '2020-05-13', 0),
(290, 7, 36, '2020-05-13', 2),
(291, 7, 31, '2020-05-13', 0),
(292, 7, 34, '2020-05-13', 0),
(293, 7, 46, '2020-05-14', 0),
(294, 7, 36, '2020-05-14', 0),
(295, 7, 31, '2020-05-14', 0),
(296, 7, 34, '2020-05-14', 0),
(297, 7, 46, '2020-05-15', 0),
(298, 7, 36, '2020-05-15', 0),
(299, 7, 31, '2020-05-15', 1),
(300, 7, 34, '2020-05-15', 0),
(301, 7, 46, '2020-05-18', 0),
(302, 7, 36, '2020-05-18', 0),
(303, 7, 31, '2020-05-18', 0),
(304, 7, 34, '2020-05-18', 0),
(305, 7, 46, '2020-05-19', 0),
(306, 7, 36, '2020-05-19', 0),
(307, 7, 31, '2020-05-19', 0),
(308, 7, 34, '2020-05-19', 0),
(309, 7, 46, '2020-05-20', 0),
(310, 7, 36, '2020-05-20', 0),
(311, 7, 31, '2020-05-20', 0),
(312, 7, 34, '2020-05-20', 0),
(313, 7, 46, '2020-05-21', 0),
(314, 7, 36, '2020-05-21', 0),
(315, 7, 31, '2020-05-21', 1),
(316, 7, 34, '2020-05-21', 0),
(317, 7, 46, '2020-05-22', 0),
(318, 7, 36, '2020-05-22', 0),
(319, 7, 31, '2020-05-22', 0),
(320, 7, 34, '2020-05-22', 0),
(321, 7, 46, '2020-05-25', 0),
(322, 7, 36, '2020-05-25', 0),
(323, 7, 31, '2020-05-25', 0),
(324, 7, 34, '2020-05-25', 0),
(325, 7, 46, '2020-05-26', 0),
(326, 7, 36, '2020-05-26', 0),
(327, 7, 31, '2020-05-26', 1),
(328, 7, 34, '2020-05-26', 0),
(329, 7, 46, '2020-05-27', 0),
(330, 7, 36, '2020-05-27', 0),
(331, 7, 31, '2020-05-27', 0),
(332, 7, 34, '2020-05-27', 0),
(333, 7, 46, '2020-05-28', 0),
(334, 7, 36, '2020-05-28', 0),
(335, 7, 31, '2020-05-28', 0),
(336, 7, 34, '2020-05-28', 0),
(337, 7, 46, '2020-05-29', 1),
(338, 7, 36, '2020-05-29', 0),
(339, 7, 31, '2020-05-29', 0),
(340, 7, 34, '2020-05-29', 0),
(341, 10, 48, '2020-05-05', 0),
(342, 10, 35, '2020-05-05', 0),
(343, 10, 50, '2020-05-05', 0),
(344, 10, 48, '2020-05-06', 0),
(345, 10, 35, '2020-05-06', 0),
(346, 10, 50, '2020-05-06', 0),
(347, 10, 48, '2020-05-07', 0),
(348, 10, 35, '2020-05-07', 1),
(349, 10, 50, '2020-05-07', 0),
(350, 10, 48, '2020-05-08', 0),
(351, 10, 35, '2020-05-08', 0),
(352, 10, 50, '2020-05-08', 1),
(353, 10, 48, '2020-05-11', 1),
(354, 10, 35, '2020-05-11', 0),
(355, 10, 50, '2020-05-11', 1),
(356, 10, 48, '2020-05-12', 0),
(357, 10, 35, '2020-05-12', 0),
(358, 10, 50, '2020-05-12', 0),
(359, 10, 48, '2020-05-13', 0),
(360, 10, 35, '2020-05-13', 0),
(361, 10, 50, '2020-05-13', 1),
(362, 10, 48, '2020-05-14', 0),
(363, 10, 35, '2020-05-14', 0),
(364, 10, 50, '2020-05-14', 0),
(365, 10, 48, '2020-05-15', 0),
(366, 10, 35, '2020-05-15', 0),
(367, 10, 50, '2020-05-15', 0),
(368, 10, 48, '2020-05-18', 0),
(369, 10, 35, '2020-05-18', 0),
(370, 10, 50, '2020-05-18', 0),
(371, 10, 48, '2020-05-19', 0),
(372, 10, 35, '2020-05-19', 0),
(373, 10, 50, '2020-05-19', 0),
(374, 10, 48, '2020-05-20', 0),
(375, 10, 35, '2020-05-20', 0),
(376, 10, 50, '2020-05-20', 0),
(377, 10, 48, '2020-05-21', 2),
(378, 10, 35, '2020-05-21', 0),
(379, 10, 50, '2020-05-21', 0),
(380, 10, 48, '2020-05-22', 0),
(381, 10, 35, '2020-05-22', 0),
(382, 10, 50, '2020-05-22', 0),
(383, 10, 48, '2020-05-25', 0),
(384, 10, 35, '2020-05-25', 0),
(385, 10, 50, '2020-05-25', 0),
(386, 10, 48, '2020-05-26', 0),
(387, 10, 35, '2020-05-26', 0),
(388, 10, 50, '2020-05-26', 0),
(389, 10, 48, '2020-05-27', 0),
(390, 10, 35, '2020-05-27', 0),
(391, 10, 50, '2020-05-27', 0),
(392, 10, 48, '2020-05-28', 2),
(393, 10, 35, '2020-05-28', 0),
(394, 10, 50, '2020-05-28', 0),
(395, 10, 48, '2020-05-29', 1),
(396, 10, 35, '2020-05-29', 0),
(397, 10, 50, '2020-05-29', 0),
(398, 11, 52, '2020-05-05', 0),
(399, 11, 54, '2020-05-05', 0),
(400, 11, 55, '2020-05-05', 0),
(401, 11, 51, '2020-05-05', 0),
(402, 11, 49, '2020-05-05', 0),
(403, 11, 52, '2020-05-06', 0),
(404, 11, 54, '2020-05-06', 0),
(405, 11, 55, '2020-05-06', 0),
(406, 11, 51, '2020-05-06', 0),
(407, 11, 49, '2020-05-06', 0),
(408, 11, 52, '2020-05-07', 0),
(409, 11, 54, '2020-05-07', 1),
(410, 11, 55, '2020-05-07', 0),
(411, 11, 51, '2020-05-07', 0),
(412, 11, 49, '2020-05-07', 0),
(413, 11, 52, '2020-05-08', 0),
(414, 11, 54, '2020-05-08', 0),
(415, 11, 55, '2020-05-08', 0),
(416, 11, 51, '2020-05-08', 0),
(417, 11, 49, '2020-05-08', 0),
(418, 11, 52, '2020-05-11', 0),
(419, 11, 54, '2020-05-11', 0),
(420, 11, 55, '2020-05-11', 2),
(421, 11, 51, '2020-05-11', 0),
(422, 11, 49, '2020-05-11', 0),
(423, 11, 52, '2020-05-12', 2),
(424, 11, 54, '2020-05-12', 0),
(425, 11, 55, '2020-05-12', 0),
(426, 11, 51, '2020-05-12', 1),
(427, 11, 49, '2020-05-12', 0),
(428, 11, 52, '2020-05-13', 0),
(429, 11, 54, '2020-05-13', 0),
(430, 11, 55, '2020-05-13', 0),
(431, 11, 51, '2020-05-13', 0),
(432, 11, 49, '2020-05-13', 0),
(433, 11, 52, '2020-05-14', 0),
(434, 11, 54, '2020-05-14', 0),
(435, 11, 55, '2020-05-14', 1),
(436, 11, 51, '2020-05-14', 0),
(437, 11, 49, '2020-05-14', 0),
(438, 11, 52, '2020-05-15', 0),
(439, 11, 54, '2020-05-15', 0),
(440, 11, 55, '2020-05-15', 1),
(441, 11, 51, '2020-05-15', 0),
(442, 11, 49, '2020-05-15', 0),
(443, 11, 52, '2020-05-18', 0),
(444, 11, 54, '2020-05-18', 0),
(445, 11, 55, '2020-05-18', 0),
(446, 11, 51, '2020-05-18', 0),
(447, 11, 49, '2020-05-18', 0),
(448, 11, 52, '2020-05-19', 0),
(449, 11, 54, '2020-05-19', 0),
(450, 11, 55, '2020-05-19', 0),
(451, 11, 51, '2020-05-19', 0),
(452, 11, 49, '2020-05-19', 0),
(453, 11, 52, '2020-05-20', 0),
(454, 11, 54, '2020-05-20', 0),
(455, 11, 55, '2020-05-20', 0),
(456, 11, 51, '2020-05-20', 0),
(457, 11, 49, '2020-05-20', 0),
(458, 11, 52, '2020-05-21', 0),
(459, 11, 54, '2020-05-21', 1),
(460, 11, 55, '2020-05-21', 0),
(461, 11, 51, '2020-05-21', 0),
(462, 11, 49, '2020-05-21', 0),
(463, 11, 52, '2020-05-22', 0),
(464, 11, 54, '2020-05-22', 0),
(465, 11, 55, '2020-05-22', 0),
(466, 11, 51, '2020-05-22', 0),
(467, 11, 49, '2020-05-22', 0),
(468, 11, 52, '2020-05-25', 0),
(469, 11, 54, '2020-05-25', 0),
(470, 11, 55, '2020-05-25', 0),
(471, 11, 51, '2020-05-25', 0),
(472, 11, 49, '2020-05-25', 0),
(473, 11, 52, '2020-05-26', 1),
(474, 11, 54, '2020-05-26', 0),
(475, 11, 55, '2020-05-26', 2),
(476, 11, 51, '2020-05-26', 0),
(477, 11, 49, '2020-05-26', 0),
(478, 11, 52, '2020-05-27', 0),
(479, 11, 54, '2020-05-27', 0),
(480, 11, 55, '2020-05-27', 0),
(481, 11, 51, '2020-05-27', 0),
(482, 11, 49, '2020-05-27', 0),
(483, 11, 52, '2020-05-28', 1),
(484, 11, 54, '2020-05-28', 0),
(485, 11, 55, '2020-05-28', 0),
(486, 11, 51, '2020-05-28', 0),
(487, 11, 49, '2020-05-28', 0),
(488, 11, 52, '2020-05-29', 0),
(489, 11, 54, '2020-05-29', 0),
(490, 11, 55, '2020-05-29', 0),
(491, 11, 51, '2020-05-29', 0),
(492, 11, 49, '2020-05-29', 0),
(493, 1, 16, '2020-05-05', 0),
(494, 1, 17, '2020-05-05', 1),
(495, 1, 16, '2020-05-06', 1),
(496, 1, 17, '2020-05-06', 0),
(497, 1, 16, '2020-05-07', 2),
(498, 1, 17, '2020-05-07', 0),
(499, 1, 16, '2020-05-08', 1),
(500, 1, 17, '2020-05-08', 0),
(501, 1, 16, '2020-05-11', 0),
(502, 1, 17, '2020-05-11', 2),
(503, 1, 16, '2020-05-12', 1),
(504, 1, 17, '2020-05-12', 0),
(505, 1, 16, '2020-05-13', 1),
(506, 1, 17, '2020-05-13', 0),
(507, 1, 16, '2020-05-14', 2),
(508, 1, 17, '2020-05-14', 2),
(509, 1, 16, '2020-05-15', 0),
(510, 1, 17, '2020-05-15', 1),
(511, 1, 16, '2020-05-18', 1),
(512, 1, 17, '2020-05-18', 0),
(513, 1, 16, '2020-05-19', 0),
(514, 1, 17, '2020-05-19', 1),
(515, 1, 16, '2020-05-20', 1),
(516, 1, 17, '2020-05-20', 1),
(517, 1, 16, '2020-05-21', 1),
(518, 1, 17, '2020-05-21', 0),
(519, 1, 16, '2020-05-22', 0),
(520, 1, 17, '2020-05-22', 0),
(521, 1, 16, '2020-05-25', 0),
(522, 1, 17, '2020-05-25', 1),
(523, 1, 16, '2020-05-26', 1),
(524, 1, 17, '2020-05-26', 0),
(525, 1, 16, '2020-05-27', 0),
(526, 1, 17, '2020-05-27', 2),
(527, 1, 16, '2020-05-28', 0),
(528, 1, 17, '2020-05-28', 1),
(529, 1, 16, '2020-05-29', 2),
(530, 1, 17, '2020-05-29', 1),
(531, 2, 15, '2020-05-05', 0),
(532, 2, 25, '2020-05-05', 2),
(533, 2, 18, '2020-05-05', 1),
(534, 2, 23, '2020-05-05', 0),
(535, 2, 47, '2020-05-05', 0),
(536, 2, 26, '2020-05-05', 0),
(537, 2, 15, '2020-05-06', 0),
(538, 2, 25, '2020-05-06', 0),
(539, 2, 18, '2020-05-06', 0),
(540, 2, 23, '2020-05-06', 0),
(541, 2, 47, '2020-05-06', 1),
(542, 2, 26, '2020-05-06', 2),
(543, 2, 15, '2020-05-07', 0),
(544, 2, 25, '2020-05-07', 1),
(545, 2, 18, '2020-05-07', 1),
(546, 2, 23, '2020-05-07', 1),
(547, 2, 47, '2020-05-07', 1),
(548, 2, 26, '2020-05-07', 0),
(549, 2, 15, '2020-05-08', 0),
(550, 2, 25, '2020-05-08', 0),
(551, 2, 18, '2020-05-08', 2),
(552, 2, 23, '2020-05-08', 0),
(553, 2, 47, '2020-05-08', 0),
(554, 2, 26, '2020-05-08', 0),
(555, 2, 15, '2020-05-11', 0),
(556, 2, 25, '2020-05-11', 1),
(557, 2, 18, '2020-05-11', 0),
(558, 2, 23, '2020-05-11', 0),
(559, 2, 47, '2020-05-11', 2),
(560, 2, 26, '2020-05-11', 0),
(561, 2, 15, '2020-05-12', 0),
(562, 2, 25, '2020-05-12', 2),
(563, 2, 18, '2020-05-12', 0),
(564, 2, 23, '2020-05-12', 1),
(565, 2, 47, '2020-05-12', 0),
(566, 2, 26, '2020-05-12', 1),
(567, 2, 15, '2020-05-13', 0),
(568, 2, 25, '2020-05-13', 0),
(569, 2, 18, '2020-05-13', 1),
(570, 2, 23, '2020-05-13', 2),
(571, 2, 47, '2020-05-13', 2),
(572, 2, 26, '2020-05-13', 0),
(573, 2, 15, '2020-05-14', 0),
(574, 2, 25, '2020-05-14', 1),
(575, 2, 18, '2020-05-14', 0),
(576, 2, 23, '2020-05-14', 1),
(577, 2, 47, '2020-05-14', 0),
(578, 2, 26, '2020-05-14', 2),
(579, 2, 15, '2020-05-15', 0),
(580, 2, 25, '2020-05-15', 1),
(581, 2, 18, '2020-05-15', 1),
(582, 2, 23, '2020-05-15', 0),
(583, 2, 47, '2020-05-15', 1),
(584, 2, 26, '2020-05-15', 2),
(585, 2, 15, '2020-05-18', 2),
(586, 2, 25, '2020-05-18', 2),
(587, 2, 18, '2020-05-18', 1),
(588, 2, 23, '2020-05-18', 1),
(589, 2, 47, '2020-05-18', 0),
(590, 2, 26, '2020-05-18', 1),
(591, 2, 15, '2020-05-19', 0),
(592, 2, 25, '2020-05-19', 2),
(593, 2, 18, '2020-05-19', 0),
(594, 2, 23, '2020-05-19', 1),
(595, 2, 47, '2020-05-19', 0),
(596, 2, 26, '2020-05-19', 0),
(597, 2, 15, '2020-05-20', 0),
(598, 2, 25, '2020-05-20', 0),
(599, 2, 18, '2020-05-20', 0),
(600, 2, 23, '2020-05-20', 2),
(601, 2, 47, '2020-05-20', 0),
(602, 2, 26, '2020-05-20', 0),
(603, 2, 15, '2020-05-21', 0),
(604, 2, 25, '2020-05-21', 0),
(605, 2, 18, '2020-05-21', 0),
(606, 2, 23, '2020-05-21', 0),
(607, 2, 47, '2020-05-21', 1),
(608, 2, 26, '2020-05-21', 2),
(609, 2, 15, '2020-05-22', 0),
(610, 2, 25, '2020-05-22', 0),
(611, 2, 18, '2020-05-22', 0),
(612, 2, 23, '2020-05-22', 0),
(613, 2, 47, '2020-05-22', 1),
(614, 2, 26, '2020-05-22', 0),
(615, 2, 15, '2020-05-25', 0),
(616, 2, 25, '2020-05-25', 0),
(617, 2, 18, '2020-05-25', 0),
(618, 2, 23, '2020-05-25', 0),
(619, 2, 47, '2020-05-25', 1),
(620, 2, 26, '2020-05-25', 1),
(621, 2, 15, '2020-05-26', 2),
(622, 2, 25, '2020-05-26', 0),
(623, 2, 18, '2020-05-26', 1),
(624, 2, 23, '2020-05-26', 0),
(625, 2, 47, '2020-05-26', 0),
(626, 2, 26, '2020-05-26', 0),
(627, 2, 15, '2020-05-27', 1),
(628, 2, 25, '2020-05-27', 0),
(629, 2, 18, '2020-05-27', 1),
(630, 2, 23, '2020-05-27', 0),
(631, 2, 47, '2020-05-27', 1),
(632, 2, 26, '2020-05-27', 0),
(633, 2, 15, '2020-05-28', 1),
(634, 2, 25, '2020-05-28', 0),
(635, 2, 18, '2020-05-28', 0),
(636, 2, 23, '2020-05-28', 2),
(637, 2, 47, '2020-05-28', 0),
(638, 2, 26, '2020-05-28', 0),
(639, 2, 15, '2020-05-29', 0),
(640, 2, 25, '2020-05-29', 0),
(641, 2, 18, '2020-05-29', 0),
(642, 2, 23, '2020-05-29', 0),
(643, 2, 47, '2020-05-29', 0),
(644, 2, 26, '2020-05-29', 1),
(645, 4, 20, '2020-05-05', 0),
(646, 4, 24, '2020-05-05', 0),
(647, 4, 22, '2020-05-05', 0),
(648, 4, 19, '2020-05-05', 0),
(649, 4, 27, '2020-05-05', 0),
(650, 4, 29, '2020-05-05', 0),
(651, 4, 28, '2020-05-05', 0),
(652, 4, 20, '2020-05-06', 0),
(653, 4, 24, '2020-05-06', 0),
(654, 4, 22, '2020-05-06', 0),
(655, 4, 19, '2020-05-06', 0),
(656, 4, 27, '2020-05-06', 0),
(657, 4, 29, '2020-05-06', 0),
(658, 4, 28, '2020-05-06', 0),
(659, 4, 20, '2020-05-07', 2),
(660, 4, 24, '2020-05-07', 0),
(661, 4, 22, '2020-05-07', 0),
(662, 4, 19, '2020-05-07', 1),
(663, 4, 27, '2020-05-07', 0),
(664, 4, 29, '2020-05-07', 0),
(665, 4, 28, '2020-05-07', 0),
(666, 4, 20, '2020-05-08', 0),
(667, 4, 24, '2020-05-08', 0),
(668, 4, 22, '2020-05-08', 0),
(669, 4, 19, '2020-05-08', 0),
(670, 4, 27, '2020-05-08', 0),
(671, 4, 29, '2020-05-08', 0),
(672, 4, 28, '2020-05-08', 0),
(673, 4, 20, '2020-05-11', 0),
(674, 4, 24, '2020-05-11', 0),
(675, 4, 22, '2020-05-11', 0),
(676, 4, 19, '2020-05-11', 0),
(677, 4, 27, '2020-05-11', 0),
(678, 4, 29, '2020-05-11', 0),
(679, 4, 28, '2020-05-11', 0),
(680, 4, 20, '2020-05-12', 1),
(681, 4, 24, '2020-05-12', 0),
(682, 4, 22, '2020-05-12', 0),
(683, 4, 19, '2020-05-12', 0),
(684, 4, 27, '2020-05-12', 0),
(685, 4, 29, '2020-05-12', 2),
(686, 4, 28, '2020-05-12', 0),
(687, 4, 20, '2020-05-13', 0),
(688, 4, 24, '2020-05-13', 0),
(689, 4, 22, '2020-05-13', 0),
(690, 4, 19, '2020-05-13', 0),
(691, 4, 27, '2020-05-13', 2),
(692, 4, 29, '2020-05-13', 0),
(693, 4, 28, '2020-05-13', 1),
(694, 4, 20, '2020-05-14', 0),
(695, 4, 24, '2020-05-14', 0),
(696, 4, 22, '2020-05-14', 0),
(697, 4, 19, '2020-05-14', 0),
(698, 4, 27, '2020-05-14', 1),
(699, 4, 29, '2020-05-14', 0),
(700, 4, 28, '2020-05-14', 2),
(701, 4, 20, '2020-05-15', 0),
(702, 4, 24, '2020-05-15', 0),
(703, 4, 22, '2020-05-15', 0),
(704, 4, 19, '2020-05-15', 1),
(705, 4, 27, '2020-05-15', 0),
(706, 4, 29, '2020-05-15', 1),
(707, 4, 28, '2020-05-15', 0),
(708, 4, 20, '2020-05-18', 0),
(709, 4, 24, '2020-05-18', 0),
(710, 4, 22, '2020-05-18', 2),
(711, 4, 19, '2020-05-18', 0),
(712, 4, 27, '2020-05-18', 0),
(713, 4, 29, '2020-05-18', 0),
(714, 4, 28, '2020-05-18', 1),
(715, 4, 20, '2020-05-19', 1),
(716, 4, 24, '2020-05-19', 0),
(717, 4, 22, '2020-05-19', 0),
(718, 4, 19, '2020-05-19', 0),
(719, 4, 27, '2020-05-19', 0),
(720, 4, 29, '2020-05-19', 1),
(721, 4, 28, '2020-05-19', 0),
(722, 4, 20, '2020-05-20', 0),
(723, 4, 24, '2020-05-20', 0),
(724, 4, 22, '2020-05-20', 1),
(725, 4, 19, '2020-05-20', 0),
(726, 4, 27, '2020-05-20', 2),
(727, 4, 29, '2020-05-20', 0),
(728, 4, 28, '2020-05-20', 0),
(729, 4, 20, '2020-05-21', 0),
(730, 4, 24, '2020-05-21', 0),
(731, 4, 22, '2020-05-21', 2),
(732, 4, 19, '2020-05-21', 0),
(733, 4, 27, '2020-05-21', 0),
(734, 4, 29, '2020-05-21', 0),
(735, 4, 28, '2020-05-21', 1),
(736, 4, 20, '2020-05-22', 0),
(737, 4, 24, '2020-05-22', 2),
(738, 4, 22, '2020-05-22', 0),
(739, 4, 19, '2020-05-22', 0),
(740, 4, 27, '2020-05-22', 1),
(741, 4, 29, '2020-05-22', 0),
(742, 4, 28, '2020-05-22', 0),
(743, 4, 20, '2020-05-25', 2),
(744, 4, 24, '2020-05-25', 0),
(745, 4, 22, '2020-05-25', 0),
(746, 4, 19, '2020-05-25', 2),
(747, 4, 27, '2020-05-25', 0),
(748, 4, 29, '2020-05-25', 0),
(749, 4, 28, '2020-05-25', 0),
(750, 4, 20, '2020-05-26', 0),
(751, 4, 24, '2020-05-26', 1),
(752, 4, 22, '2020-05-26', 0),
(753, 4, 19, '2020-05-26', 0),
(754, 4, 27, '2020-05-26', 2),
(755, 4, 29, '2020-05-26', 0),
(756, 4, 28, '2020-05-26', 0),
(757, 4, 20, '2020-05-27', 2),
(758, 4, 24, '2020-05-27', 0),
(759, 4, 22, '2020-05-27', 0),
(760, 4, 19, '2020-05-27', 1),
(761, 4, 27, '2020-05-27', 0),
(762, 4, 29, '2020-05-27', 0),
(763, 4, 28, '2020-05-27', 0),
(764, 4, 20, '2020-05-28', 0),
(765, 4, 24, '2020-05-28', 0),
(766, 4, 22, '2020-05-28', 1),
(767, 4, 19, '2020-05-28', 0),
(768, 4, 27, '2020-05-28', 2),
(769, 4, 29, '2020-05-28', 0),
(770, 4, 28, '2020-05-28', 0),
(771, 4, 20, '2020-05-29', 0),
(772, 4, 24, '2020-05-29', 1),
(773, 4, 22, '2020-05-29', 0),
(774, 4, 19, '2020-05-29', 0),
(775, 4, 27, '2020-05-29', 0),
(776, 4, 29, '2020-05-29', 2),
(777, 4, 28, '2020-05-29', 0),
(778, 6, 44, '2020-05-05', 0),
(779, 6, 42, '2020-05-05', 0),
(780, 6, 37, '2020-05-05', 0),
(781, 6, 21, '2020-05-05', 0),
(782, 6, 38, '2020-05-05', 0),
(783, 6, 44, '2020-05-06', 0),
(784, 6, 42, '2020-05-06', 0),
(785, 6, 37, '2020-05-06', 0),
(786, 6, 21, '2020-05-06', 0),
(787, 6, 38, '2020-05-06', 0),
(788, 6, 44, '2020-05-07', 0),
(789, 6, 42, '2020-05-07', 0),
(790, 6, 37, '2020-05-07', 0),
(791, 6, 21, '2020-05-07', 0),
(792, 6, 38, '2020-05-07', 0),
(793, 6, 44, '2020-05-08', 0),
(794, 6, 42, '2020-05-08', 0),
(795, 6, 37, '2020-05-08', 0),
(796, 6, 21, '2020-05-08', 0),
(797, 6, 38, '2020-05-08', 0),
(798, 6, 44, '2020-05-11', 0),
(799, 6, 42, '2020-05-11', 0),
(800, 6, 37, '2020-05-11', 0),
(801, 6, 21, '2020-05-11', 0),
(802, 6, 38, '2020-05-11', 0),
(803, 6, 44, '2020-05-12', 0),
(804, 6, 42, '2020-05-12', 0),
(805, 6, 37, '2020-05-12', 0),
(806, 6, 21, '2020-05-12', 0),
(807, 6, 38, '2020-05-12', 0),
(808, 6, 44, '2020-05-13', 0),
(809, 6, 42, '2020-05-13', 0),
(810, 6, 37, '2020-05-13', 0),
(811, 6, 21, '2020-05-13', 0),
(812, 6, 38, '2020-05-13', 0),
(813, 6, 44, '2020-05-14', 0),
(814, 6, 42, '2020-05-14', 0),
(815, 6, 37, '2020-05-14', 0),
(816, 6, 21, '2020-05-14', 0),
(817, 6, 38, '2020-05-14', 0),
(818, 6, 44, '2020-05-15', 2),
(819, 6, 42, '2020-05-15', 0),
(820, 6, 37, '2020-05-15', 0),
(821, 6, 21, '2020-05-15', 0),
(822, 6, 38, '2020-05-15', 2),
(823, 6, 44, '2020-05-18', 0),
(824, 6, 42, '2020-05-18', 0),
(825, 6, 37, '2020-05-18', 0),
(826, 6, 21, '2020-05-18', 0),
(827, 6, 38, '2020-05-18', 1),
(828, 6, 44, '2020-05-19', 0),
(829, 6, 42, '2020-05-19', 0),
(830, 6, 37, '2020-05-19', 2),
(831, 6, 21, '2020-05-19', 0),
(832, 6, 38, '2020-05-19', 1),
(833, 6, 44, '2020-05-20', 2),
(834, 6, 42, '2020-05-20', 0),
(835, 6, 37, '2020-05-20', 0),
(836, 6, 21, '2020-05-20', 0),
(837, 6, 38, '2020-05-20', 0),
(838, 6, 44, '2020-05-21', 0),
(839, 6, 42, '2020-05-21', 0),
(840, 6, 37, '2020-05-21', 1),
(841, 6, 21, '2020-05-21', 0),
(842, 6, 38, '2020-05-21', 2),
(843, 6, 44, '2020-05-22', 0),
(844, 6, 42, '2020-05-22', 0),
(845, 6, 37, '2020-05-22', 0),
(846, 6, 21, '2020-05-22', 0),
(847, 6, 38, '2020-05-22', 1),
(848, 6, 44, '2020-05-25', 0),
(849, 6, 42, '2020-05-25', 1),
(850, 6, 37, '2020-05-25', 0),
(851, 6, 21, '2020-05-25', 0),
(852, 6, 38, '2020-05-25', 1),
(853, 6, 44, '2020-05-26', 1),
(854, 6, 42, '2020-05-26', 0),
(855, 6, 37, '2020-05-26', 0),
(856, 6, 21, '2020-05-26', 0),
(857, 6, 38, '2020-05-26', 1),
(858, 6, 44, '2020-05-27', 0),
(859, 6, 42, '2020-05-27', 2),
(860, 6, 37, '2020-05-27', 0),
(861, 6, 21, '2020-05-27', 0),
(862, 6, 38, '2020-05-27', 1),
(863, 6, 44, '2020-05-28', 0),
(864, 6, 42, '2020-05-28', 1),
(865, 6, 37, '2020-05-28', 0),
(866, 6, 21, '2020-05-28', 0),
(867, 6, 38, '2020-05-28', 2),
(868, 6, 44, '2020-05-29', 0),
(869, 6, 42, '2020-05-29', 2),
(870, 6, 37, '2020-05-29', 0),
(871, 6, 21, '2020-05-29', 0),
(872, 6, 38, '2020-05-29', 1),
(873, 8, 39, '2020-05-05', 0),
(874, 8, 41, '2020-05-05', 0),
(875, 8, 43, '2020-05-05', 0),
(876, 8, 53, '2020-05-05', 0),
(877, 8, 45, '2020-05-05', 0),
(878, 8, 39, '2020-05-06', 0),
(879, 8, 41, '2020-05-06', 0),
(880, 8, 43, '2020-05-06', 0),
(881, 8, 53, '2020-05-06', 0),
(882, 8, 45, '2020-05-06', 0),
(883, 8, 39, '2020-05-07', 0),
(884, 8, 41, '2020-05-07', 0),
(885, 8, 43, '2020-05-07', 0),
(886, 8, 53, '2020-05-07', 0),
(887, 8, 45, '2020-05-07', 0),
(888, 8, 39, '2020-05-08', 0),
(889, 8, 41, '2020-05-08', 0),
(890, 8, 43, '2020-05-08', 0),
(891, 8, 53, '2020-05-08', 0),
(892, 8, 45, '2020-05-08', 0),
(893, 8, 39, '2020-05-11', 0),
(894, 8, 41, '2020-05-11', 0),
(895, 8, 43, '2020-05-11', 0),
(896, 8, 53, '2020-05-11', 0),
(897, 8, 45, '2020-05-11', 0),
(898, 8, 39, '2020-05-12', 0),
(899, 8, 41, '2020-05-12', 0),
(900, 8, 43, '2020-05-12', 0),
(901, 8, 53, '2020-05-12', 0),
(902, 8, 45, '2020-05-12', 0),
(903, 8, 39, '2020-05-13', 0),
(904, 8, 41, '2020-05-13', 0),
(905, 8, 43, '2020-05-13', 0),
(906, 8, 53, '2020-05-13', 0),
(907, 8, 45, '2020-05-13', 0),
(908, 8, 39, '2020-05-14', 0),
(909, 8, 41, '2020-05-14', 0),
(910, 8, 43, '2020-05-14', 2),
(911, 8, 53, '2020-05-14', 0),
(912, 8, 45, '2020-05-14', 0),
(913, 8, 39, '2020-05-15', 0),
(914, 8, 41, '2020-05-15', 0),
(915, 8, 43, '2020-05-15', 0),
(916, 8, 53, '2020-05-15', 0),
(917, 8, 45, '2020-05-15', 0),
(918, 8, 39, '2020-05-18', 0),
(919, 8, 41, '2020-05-18', 0),
(920, 8, 43, '2020-05-18', 0),
(921, 8, 53, '2020-05-18', 0),
(922, 8, 45, '2020-05-18', 0),
(923, 8, 39, '2020-05-19', 0),
(924, 8, 41, '2020-05-19', 0),
(925, 8, 43, '2020-05-19', 0),
(926, 8, 53, '2020-05-19', 0),
(927, 8, 45, '2020-05-19', 0),
(928, 8, 39, '2020-05-20', 0),
(929, 8, 41, '2020-05-20', 1),
(930, 8, 43, '2020-05-20', 0),
(931, 8, 53, '2020-05-20', 0),
(932, 8, 45, '2020-05-20', 0),
(933, 8, 39, '2020-05-21', 0),
(934, 8, 41, '2020-05-21', 0),
(935, 8, 43, '2020-05-21', 0),
(936, 8, 53, '2020-05-21', 0),
(937, 8, 45, '2020-05-21', 0),
(938, 8, 39, '2020-05-22', 0),
(939, 8, 41, '2020-05-22', 1),
(940, 8, 43, '2020-05-22', 0),
(941, 8, 53, '2020-05-22', 0),
(942, 8, 45, '2020-05-22', 0),
(943, 8, 39, '2020-05-25', 0),
(944, 8, 41, '2020-05-25', 0),
(945, 8, 43, '2020-05-25', 0),
(946, 8, 53, '2020-05-25', 0),
(947, 8, 45, '2020-05-25', 0),
(948, 8, 39, '2020-05-26', 1),
(949, 8, 41, '2020-05-26', 0),
(950, 8, 43, '2020-05-26', 0),
(951, 8, 53, '2020-05-26', 0),
(952, 8, 45, '2020-05-26', 1),
(953, 8, 39, '2020-05-27', 1),
(954, 8, 41, '2020-05-27', 0),
(955, 8, 43, '2020-05-27', 2),
(956, 8, 53, '2020-05-27', 0),
(957, 8, 45, '2020-05-27', 0),
(958, 8, 39, '2020-05-28', 0),
(959, 8, 41, '2020-05-28', 1),
(960, 8, 43, '2020-05-28', 0),
(961, 8, 53, '2020-05-28', 0),
(962, 8, 45, '2020-05-28', 2),
(963, 8, 39, '2020-05-29', 0),
(964, 8, 41, '2020-05-29', 0),
(965, 8, 43, '2020-05-29', 0),
(966, 8, 53, '2020-05-29', 0),
(967, 8, 45, '2020-05-29', 0),
(968, 9, 40, '2020-05-05', 0),
(969, 9, 14, '2020-05-05', 0),
(970, 9, 40, '2020-05-06', 0),
(971, 9, 14, '2020-05-06', 0),
(972, 9, 40, '2020-05-07', 0),
(973, 9, 14, '2020-05-07', 0),
(974, 9, 40, '2020-05-08', 0),
(975, 9, 14, '2020-05-08', 0),
(976, 9, 40, '2020-05-11', 0),
(977, 9, 14, '2020-05-11', 0),
(978, 9, 40, '2020-05-12', 0),
(979, 9, 14, '2020-05-12', 0),
(980, 9, 40, '2020-05-13', 0),
(981, 9, 14, '2020-05-13', 0),
(982, 9, 40, '2020-05-14', 2),
(983, 9, 14, '2020-05-14', 0),
(984, 9, 40, '2020-05-15', 0),
(985, 9, 14, '2020-05-15', 0),
(986, 9, 40, '2020-05-18', 0),
(987, 9, 14, '2020-05-18', 2),
(988, 9, 40, '2020-05-19', 1),
(989, 9, 14, '2020-05-19', 0),
(990, 9, 40, '2020-05-20', 2),
(991, 9, 14, '2020-05-20', 0),
(992, 9, 40, '2020-05-21', 0),
(993, 9, 14, '2020-05-21', 0),
(994, 9, 40, '2020-05-22', 0),
(995, 9, 14, '2020-05-22', 0),
(996, 9, 40, '2020-05-25', 1),
(997, 9, 14, '2020-05-25', 0),
(998, 9, 40, '2020-05-26', 0),
(999, 9, 14, '2020-05-26', 1),
(1000, 9, 40, '2020-05-27', 1),
(1001, 9, 14, '2020-05-27', 0),
(1002, 9, 40, '2020-05-28', 0),
(1003, 9, 14, '2020-05-28', 1),
(1004, 9, 40, '2020-05-29', 0),
(1005, 9, 14, '2020-05-29', 1),
(1006, 50, 16, '2020-05-04', 0),
(1007, 50, 17, '2020-05-04', 0),
(1008, 50, 16, '2020-05-05', 0),
(1009, 50, 17, '2020-05-05', 0),
(1010, 50, 16, '2020-05-06', 0),
(1011, 50, 17, '2020-05-06', 0),
(1012, 50, 16, '2020-05-07', 0),
(1013, 50, 17, '2020-05-07', 0),
(1014, 50, 16, '2020-05-08', 0),
(1015, 50, 17, '2020-05-08', 0),
(1016, 50, 16, '2020-05-11', 0),
(1017, 50, 17, '2020-05-11', 0),
(1018, 50, 16, '2020-05-12', 0),
(1019, 50, 17, '2020-05-12', 0),
(1020, 50, 16, '2020-05-13', 0),
(1021, 50, 17, '2020-05-13', 0),
(1022, 50, 16, '2020-05-14', 0),
(1023, 50, 17, '2020-05-14', 0),
(1024, 50, 16, '2020-05-15', 0),
(1025, 50, 17, '2020-05-15', 0),
(1026, 50, 16, '2020-05-18', 0),
(1027, 50, 17, '2020-05-18', 0),
(1028, 50, 16, '2020-05-19', 0),
(1029, 50, 17, '2020-05-19', 0),
(1030, 50, 16, '2020-05-20', 0),
(1031, 50, 17, '2020-05-20', 0),
(1032, 50, 16, '2020-05-21', 0),
(1033, 50, 17, '2020-05-21', 0),
(1034, 50, 16, '2020-05-22', 0),
(1035, 50, 17, '2020-05-22', 0),
(1036, 50, 16, '2020-05-25', 0),
(1037, 50, 17, '2020-05-25', 0),
(1038, 50, 16, '2020-05-26', 0),
(1039, 50, 17, '2020-05-26', 0),
(1040, 50, 16, '2020-05-27', 0),
(1041, 50, 17, '2020-05-27', 0),
(1042, 50, 16, '2020-05-28', 0),
(1043, 50, 17, '2020-05-28', 0),
(1044, 50, 16, '2020-05-29', 0),
(1045, 50, 17, '2020-05-29', 0),
(1046, 63, 7, '2020-05-04', 0),
(1047, 63, 11, '2020-05-04', 0),
(1048, 63, 13, '2020-05-04', 0),
(1049, 63, 12, '2020-05-04', 0),
(1050, 63, 9, '2020-05-04', 0),
(1051, 63, 10, '2020-05-04', 0),
(1052, 63, 7, '2020-05-05', 0),
(1053, 63, 11, '2020-05-05', 0),
(1054, 63, 13, '2020-05-05', 0),
(1055, 63, 12, '2020-05-05', 0),
(1056, 63, 9, '2020-05-05', 0),
(1057, 63, 10, '2020-05-05', 0),
(1058, 63, 7, '2020-05-06', 0),
(1059, 63, 11, '2020-05-06', 0),
(1060, 63, 13, '2020-05-06', 0),
(1061, 63, 12, '2020-05-06', 0),
(1062, 63, 9, '2020-05-06', 0),
(1063, 63, 10, '2020-05-06', 0),
(1064, 63, 7, '2020-05-07', 0),
(1065, 63, 11, '2020-05-07', 0),
(1066, 63, 13, '2020-05-07', 0),
(1067, 63, 12, '2020-05-07', 0),
(1068, 63, 9, '2020-05-07', 0),
(1069, 63, 10, '2020-05-07', 0),
(1070, 63, 7, '2020-05-08', 0),
(1071, 63, 11, '2020-05-08', 0),
(1072, 63, 13, '2020-05-08', 0),
(1073, 63, 12, '2020-05-08', 0),
(1074, 63, 9, '2020-05-08', 0),
(1075, 63, 10, '2020-05-08', 0),
(1076, 63, 7, '2020-05-11', 0),
(1077, 63, 11, '2020-05-11', 0),
(1078, 63, 13, '2020-05-11', 0),
(1079, 63, 12, '2020-05-11', 0),
(1080, 63, 9, '2020-05-11', 0),
(1081, 63, 10, '2020-05-11', 0),
(1082, 63, 7, '2020-05-12', 0),
(1083, 63, 11, '2020-05-12', 0),
(1084, 63, 13, '2020-05-12', 0),
(1085, 63, 12, '2020-05-12', 0),
(1086, 63, 9, '2020-05-12', 0),
(1087, 63, 10, '2020-05-12', 0),
(1088, 63, 7, '2020-05-13', 0),
(1089, 63, 11, '2020-05-13', 0),
(1090, 63, 13, '2020-05-13', 0),
(1091, 63, 12, '2020-05-13', 0),
(1092, 63, 9, '2020-05-13', 0),
(1093, 63, 10, '2020-05-13', 0),
(1094, 63, 7, '2020-05-14', 0),
(1095, 63, 11, '2020-05-14', 0),
(1096, 63, 13, '2020-05-14', 0),
(1097, 63, 12, '2020-05-14', 0),
(1098, 63, 9, '2020-05-14', 0),
(1099, 63, 10, '2020-05-14', 0),
(1100, 63, 7, '2020-05-15', 0),
(1101, 63, 11, '2020-05-15', 0),
(1102, 63, 13, '2020-05-15', 0),
(1103, 63, 12, '2020-05-15', 0),
(1104, 63, 9, '2020-05-15', 0),
(1105, 63, 10, '2020-05-15', 0),
(1106, 63, 7, '2020-05-18', 0),
(1107, 63, 11, '2020-05-18', 0),
(1108, 63, 13, '2020-05-18', 0),
(1109, 63, 12, '2020-05-18', 0),
(1110, 63, 9, '2020-05-18', 0),
(1111, 63, 10, '2020-05-18', 0),
(1112, 63, 7, '2020-05-19', 0),
(1113, 63, 11, '2020-05-19', 0),
(1114, 63, 13, '2020-05-19', 0),
(1115, 63, 12, '2020-05-19', 0),
(1116, 63, 9, '2020-05-19', 0),
(1117, 63, 10, '2020-05-19', 0),
(1118, 63, 7, '2020-05-20', 0),
(1119, 63, 11, '2020-05-20', 0),
(1120, 63, 13, '2020-05-20', 0),
(1121, 63, 12, '2020-05-20', 0),
(1122, 63, 9, '2020-05-20', 0),
(1123, 63, 10, '2020-05-20', 0),
(1124, 63, 7, '2020-05-21', 0),
(1125, 63, 11, '2020-05-21', 0),
(1126, 63, 13, '2020-05-21', 0),
(1127, 63, 12, '2020-05-21', 0),
(1128, 63, 9, '2020-05-21', 0),
(1129, 63, 10, '2020-05-21', 0),
(1130, 63, 7, '2020-05-22', 0),
(1131, 63, 11, '2020-05-22', 0),
(1132, 63, 13, '2020-05-22', 0),
(1133, 63, 12, '2020-05-22', 0),
(1134, 63, 9, '2020-05-22', 0),
(1135, 63, 10, '2020-05-22', 0),
(1136, 63, 7, '2020-05-25', 0),
(1137, 63, 11, '2020-05-25', 0),
(1138, 63, 13, '2020-05-25', 0),
(1139, 63, 12, '2020-05-25', 0),
(1140, 63, 9, '2020-05-25', 0),
(1141, 63, 10, '2020-05-25', 0),
(1142, 63, 7, '2020-05-26', 0),
(1143, 63, 11, '2020-05-26', 0),
(1144, 63, 13, '2020-05-26', 0),
(1145, 63, 12, '2020-05-26', 0),
(1146, 63, 9, '2020-05-26', 0),
(1147, 63, 10, '2020-05-26', 0),
(1148, 63, 7, '2020-05-27', 0),
(1149, 63, 11, '2020-05-27', 0),
(1150, 63, 13, '2020-05-27', 0),
(1151, 63, 12, '2020-05-27', 0),
(1152, 63, 9, '2020-05-27', 0),
(1153, 63, 10, '2020-05-27', 0),
(1154, 63, 7, '2020-05-28', 0),
(1155, 63, 11, '2020-05-28', 0),
(1156, 63, 13, '2020-05-28', 0),
(1157, 63, 12, '2020-05-28', 0),
(1158, 63, 9, '2020-05-28', 0),
(1159, 63, 10, '2020-05-28', 0),
(1160, 63, 7, '2020-05-29', 0),
(1161, 63, 11, '2020-05-29', 0),
(1162, 63, 13, '2020-05-29', 0),
(1163, 63, 12, '2020-05-29', 0),
(1164, 63, 9, '2020-05-29', 0),
(1165, 63, 10, '2020-05-29', 0),
(1166, 52, 15, '2020-05-04', 2),
(1167, 52, 25, '2020-05-04', 1),
(1168, 52, 18, '2020-05-04', 1),
(1169, 52, 23, '2020-05-04', 1),
(1170, 52, 47, '2020-05-04', 1),
(1171, 52, 26, '2020-05-04', 1),
(1172, 52, 15, '2020-05-05', 0),
(1173, 52, 25, '2020-05-05', 0),
(1174, 52, 18, '2020-05-05', 0),
(1175, 52, 23, '2020-05-05', 0),
(1176, 52, 47, '2020-05-05', 0),
(1177, 52, 26, '2020-05-05', 0),
(1178, 52, 15, '2020-05-06', 0),
(1179, 52, 25, '2020-05-06', 0),
(1180, 52, 18, '2020-05-06', 0),
(1181, 52, 23, '2020-05-06', 0),
(1182, 52, 47, '2020-05-06', 0),
(1183, 52, 26, '2020-05-06', 0),
(1184, 52, 15, '2020-05-07', 0),
(1185, 52, 25, '2020-05-07', 0),
(1186, 52, 18, '2020-05-07', 0),
(1187, 52, 23, '2020-05-07', 0),
(1188, 52, 47, '2020-05-07', 0),
(1189, 52, 26, '2020-05-07', 0),
(1190, 52, 15, '2020-05-08', 0),
(1191, 52, 25, '2020-05-08', 0),
(1192, 52, 18, '2020-05-08', 0),
(1193, 52, 23, '2020-05-08', 0),
(1194, 52, 47, '2020-05-08', 0),
(1195, 52, 26, '2020-05-08', 0),
(1196, 52, 15, '2020-05-11', 0),
(1197, 52, 25, '2020-05-11', 0),
(1198, 52, 18, '2020-05-11', 0),
(1199, 52, 23, '2020-05-11', 0),
(1200, 52, 47, '2020-05-11', 0),
(1201, 52, 26, '2020-05-11', 0),
(1202, 52, 15, '2020-05-12', 0),
(1203, 52, 25, '2020-05-12', 0),
(1204, 52, 18, '2020-05-12', 0),
(1205, 52, 23, '2020-05-12', 0),
(1206, 52, 47, '2020-05-12', 0),
(1207, 52, 26, '2020-05-12', 0),
(1208, 52, 15, '2020-05-13', 0),
(1209, 52, 25, '2020-05-13', 0),
(1210, 52, 18, '2020-05-13', 0),
(1211, 52, 23, '2020-05-13', 0),
(1212, 52, 47, '2020-05-13', 0),
(1213, 52, 26, '2020-05-13', 0),
(1214, 52, 15, '2020-05-15', 0),
(1215, 52, 25, '2020-05-15', 0),
(1216, 52, 18, '2020-05-15', 0),
(1217, 52, 23, '2020-05-15', 0),
(1218, 52, 47, '2020-05-15', 0),
(1219, 52, 26, '2020-05-15', 0),
(1220, 52, 15, '2020-05-14', 0),
(1221, 52, 25, '2020-05-14', 0),
(1222, 52, 18, '2020-05-14', 0),
(1223, 52, 23, '2020-05-14', 0),
(1224, 52, 47, '2020-05-14', 0),
(1225, 52, 26, '2020-05-14', 0),
(1226, 52, 15, '2020-05-18', 0),
(1227, 52, 25, '2020-05-18', 0),
(1228, 52, 18, '2020-05-18', 0),
(1229, 52, 23, '2020-05-18', 0),
(1230, 52, 47, '2020-05-18', 0),
(1231, 52, 26, '2020-05-18', 0),
(1232, 52, 15, '2020-05-19', 0),
(1233, 52, 25, '2020-05-19', 0),
(1234, 52, 18, '2020-05-19', 0),
(1235, 52, 23, '2020-05-19', 0),
(1236, 52, 47, '2020-05-19', 0),
(1237, 52, 26, '2020-05-19', 0),
(1238, 52, 15, '2020-05-20', 0),
(1239, 52, 25, '2020-05-20', 0),
(1240, 52, 18, '2020-05-20', 0),
(1241, 52, 23, '2020-05-20', 0),
(1242, 52, 47, '2020-05-20', 0),
(1243, 52, 26, '2020-05-20', 0),
(1244, 52, 15, '2020-05-21', 0),
(1245, 52, 25, '2020-05-21', 0),
(1246, 52, 18, '2020-05-21', 0),
(1247, 52, 23, '2020-05-21', 0),
(1248, 52, 47, '2020-05-21', 0),
(1249, 52, 26, '2020-05-21', 0),
(1250, 52, 15, '2020-05-22', 0),
(1251, 52, 25, '2020-05-22', 0),
(1252, 52, 18, '2020-05-22', 0),
(1253, 52, 23, '2020-05-22', 0),
(1254, 52, 47, '2020-05-22', 0),
(1255, 52, 26, '2020-05-22', 0),
(1256, 52, 15, '2020-05-25', 0),
(1257, 52, 25, '2020-05-25', 0),
(1258, 52, 18, '2020-05-25', 0),
(1259, 52, 23, '2020-05-25', 0),
(1260, 52, 47, '2020-05-25', 0),
(1261, 52, 26, '2020-05-25', 0),
(1262, 52, 15, '2020-05-26', 0),
(1263, 52, 25, '2020-05-26', 0),
(1264, 52, 18, '2020-05-26', 0),
(1265, 52, 23, '2020-05-26', 0),
(1266, 52, 47, '2020-05-26', 0),
(1267, 52, 26, '2020-05-26', 0),
(1268, 52, 15, '2020-05-27', 0),
(1269, 52, 25, '2020-05-27', 0),
(1270, 52, 18, '2020-05-27', 0),
(1271, 52, 23, '2020-05-27', 0),
(1272, 52, 47, '2020-05-27', 0),
(1273, 52, 26, '2020-05-27', 0),
(1274, 52, 15, '2020-05-28', 0),
(1275, 52, 25, '2020-05-28', 0),
(1276, 52, 18, '2020-05-28', 0),
(1277, 52, 23, '2020-05-28', 0),
(1278, 52, 47, '2020-05-28', 0),
(1279, 52, 26, '2020-05-28', 0),
(1280, 52, 15, '2020-05-29', 0),
(1281, 52, 25, '2020-05-29', 0),
(1282, 52, 18, '2020-05-29', 0),
(1283, 52, 23, '2020-05-29', 0),
(1284, 52, 47, '2020-05-29', 0),
(1285, 52, 26, '2020-05-29', 0),
(1286, 65, 30, '2020-05-04', 0),
(1287, 65, 8, '2020-05-04', 0),
(1288, 65, 32, '2020-05-04', 0),
(1289, 65, 33, '2020-05-04', 0),
(1290, 65, 56, '2020-05-04', 0),
(1291, 65, 30, '2020-05-05', 0),
(1292, 65, 8, '2020-05-05', 0),
(1293, 65, 32, '2020-05-05', 0),
(1294, 65, 33, '2020-05-05', 0),
(1295, 65, 56, '2020-05-05', 0),
(1296, 65, 30, '2020-05-06', 0),
(1297, 65, 8, '2020-05-06', 0),
(1298, 65, 32, '2020-05-06', 0),
(1299, 65, 33, '2020-05-06', 0),
(1300, 65, 56, '2020-05-06', 0),
(1301, 65, 30, '2020-05-07', 0),
(1302, 65, 8, '2020-05-07', 0),
(1303, 65, 32, '2020-05-07', 0),
(1304, 65, 33, '2020-05-07', 0),
(1305, 65, 56, '2020-05-07', 0),
(1306, 65, 30, '2020-05-08', 0),
(1307, 65, 8, '2020-05-08', 0),
(1308, 65, 32, '2020-05-08', 0),
(1309, 65, 33, '2020-05-08', 0),
(1310, 65, 56, '2020-05-08', 0),
(1311, 65, 30, '2020-05-11', 0),
(1312, 65, 8, '2020-05-11', 0),
(1313, 65, 32, '2020-05-11', 0),
(1314, 65, 33, '2020-05-11', 0),
(1315, 65, 56, '2020-05-11', 0),
(1316, 65, 30, '2020-05-12', 0),
(1317, 65, 8, '2020-05-12', 0),
(1318, 65, 32, '2020-05-12', 0),
(1319, 65, 33, '2020-05-12', 0),
(1320, 65, 56, '2020-05-12', 0),
(1321, 65, 30, '2020-05-13', 0),
(1322, 65, 8, '2020-05-13', 0),
(1323, 65, 32, '2020-05-13', 0),
(1324, 65, 33, '2020-05-13', 0),
(1325, 65, 56, '2020-05-13', 0),
(1326, 65, 30, '2020-05-14', 0),
(1327, 65, 8, '2020-05-14', 0),
(1328, 65, 32, '2020-05-14', 0),
(1329, 65, 33, '2020-05-14', 0),
(1330, 65, 56, '2020-05-14', 0),
(1331, 65, 30, '2020-05-18', 0),
(1332, 65, 8, '2020-05-18', 0),
(1333, 65, 32, '2020-05-18', 0),
(1334, 65, 33, '2020-05-18', 0),
(1335, 65, 56, '2020-05-18', 0),
(1336, 65, 30, '2020-05-15', 0),
(1337, 65, 8, '2020-05-15', 0),
(1338, 65, 32, '2020-05-15', 0),
(1339, 65, 33, '2020-05-15', 0),
(1340, 65, 56, '2020-05-15', 0),
(1341, 1, 16, '2020-06-01', 1),
(1342, 1, 17, '2020-06-01', 2),
(1343, 1, 16, '2020-06-02', 1),
(1344, 1, 17, '2020-06-02', 2),
(1345, 23, 16, '2020-05-01', 0),
(1346, 23, 17, '2020-05-01', 1),
(1347, 23, 16, '2020-05-04', 0),
(1348, 23, 17, '2020-05-04', 0),
(1349, 23, 16, '2020-05-06', 0),
(1350, 23, 17, '2020-05-06', 0),
(1351, 23, 16, '2020-05-05', 0),
(1352, 23, 17, '2020-05-05', 0),
(1353, 23, 16, '2020-05-08', 0),
(1354, 23, 17, '2020-05-08', 0),
(1355, 23, 16, '2020-05-07', 2),
(1356, 23, 17, '2020-05-07', 1),
(1357, 53, 20, '2020-05-04', 0),
(1358, 53, 24, '2020-05-04', 0),
(1359, 53, 22, '2020-05-04', 0),
(1360, 53, 19, '2020-05-04', 0),
(1361, 53, 27, '2020-05-04', 0),
(1362, 53, 29, '2020-05-04', 0),
(1363, 53, 28, '2020-05-04', 0),
(1364, 23, 16, '2020-05-11', 0),
(1365, 23, 17, '2020-05-11', 0),
(1366, 53, 20, '2020-05-01', 0),
(1367, 53, 24, '2020-05-01', 0),
(1368, 53, 22, '2020-05-01', 0),
(1369, 53, 19, '2020-05-01', 0),
(1370, 53, 27, '2020-05-01', 0),
(1371, 53, 29, '2020-05-01', 0),
(1372, 53, 28, '2020-05-01', 0),
(1373, 23, 16, '2020-05-12', 0),
(1374, 23, 17, '2020-05-12', 0),
(1375, 53, 20, '2020-05-05', 0),
(1376, 53, 24, '2020-05-05', 0),
(1377, 53, 22, '2020-05-05', 0),
(1378, 53, 19, '2020-05-05', 0),
(1379, 53, 27, '2020-05-05', 0),
(1380, 53, 29, '2020-05-05', 0),
(1381, 53, 28, '2020-05-05', 0),
(1382, 23, 16, '2020-05-13', 0),
(1383, 23, 17, '2020-05-13', 0),
(1384, 53, 20, '2020-05-06', 0),
(1385, 53, 24, '2020-05-06', 0),
(1386, 53, 22, '2020-05-06', 0),
(1387, 53, 19, '2020-05-06', 0),
(1388, 53, 27, '2020-05-06', 0),
(1389, 53, 29, '2020-05-06', 0),
(1390, 53, 28, '2020-05-06', 0),
(1391, 23, 16, '2020-05-14', 0),
(1392, 23, 17, '2020-05-14', 0),
(1393, 53, 20, '2020-05-07', 0),
(1394, 53, 24, '2020-05-07', 0),
(1395, 53, 22, '2020-05-07', 0),
(1396, 53, 19, '2020-05-07', 0),
(1397, 53, 27, '2020-05-07', 0),
(1398, 53, 29, '2020-05-07', 0),
(1399, 53, 28, '2020-05-07', 0),
(1400, 23, 16, '2020-05-15', 0),
(1401, 23, 17, '2020-05-15', 0),
(1402, 53, 20, '2020-05-08', 0),
(1403, 53, 24, '2020-05-08', 0),
(1404, 53, 22, '2020-05-08', 0),
(1405, 53, 19, '2020-05-08', 0),
(1406, 53, 27, '2020-05-08', 0),
(1407, 53, 29, '2020-05-08', 0),
(1408, 53, 28, '2020-05-08', 0),
(1409, 23, 16, '2020-05-18', 0),
(1410, 23, 17, '2020-05-18', 0),
(1411, 53, 20, '2020-05-11', 0),
(1412, 53, 24, '2020-05-11', 0),
(1413, 53, 22, '2020-05-11', 0),
(1414, 53, 19, '2020-05-11', 0),
(1415, 53, 27, '2020-05-11', 0),
(1416, 53, 29, '2020-05-11', 0),
(1417, 53, 28, '2020-05-11', 0),
(1418, 23, 16, '2020-05-19', 0),
(1419, 23, 17, '2020-05-19', 0),
(1420, 53, 20, '2020-05-12', 0),
(1421, 53, 24, '2020-05-12', 0),
(1422, 53, 22, '2020-05-12', 0),
(1423, 53, 19, '2020-05-12', 0),
(1424, 53, 27, '2020-05-12', 0),
(1425, 53, 29, '2020-05-12', 0),
(1426, 53, 28, '2020-05-12', 0),
(1427, 53, 20, '2020-05-13', 0),
(1428, 53, 24, '2020-05-13', 0),
(1429, 53, 22, '2020-05-13', 0),
(1430, 53, 19, '2020-05-13', 0),
(1431, 53, 27, '2020-05-13', 0),
(1432, 53, 29, '2020-05-13', 0),
(1433, 53, 28, '2020-05-13', 0),
(1434, 23, 16, '2020-05-20', 0),
(1435, 23, 17, '2020-05-20', 0),
(1436, 53, 20, '2020-05-14', 0),
(1437, 53, 24, '2020-05-14', 0),
(1438, 53, 22, '2020-05-14', 0),
(1439, 53, 19, '2020-05-14', 0),
(1440, 53, 27, '2020-05-14', 0),
(1441, 53, 29, '2020-05-14', 0),
(1442, 53, 28, '2020-05-14', 0),
(1443, 23, 16, '2020-05-21', 0),
(1444, 23, 17, '2020-05-21', 0),
(1445, 53, 20, '2020-05-15', 0),
(1446, 53, 24, '2020-05-15', 0),
(1447, 53, 22, '2020-05-15', 0),
(1448, 53, 19, '2020-05-15', 0),
(1449, 53, 27, '2020-05-15', 0),
(1450, 53, 29, '2020-05-15', 0),
(1451, 53, 28, '2020-05-15', 0),
(1452, 23, 16, '2020-05-22', 0),
(1453, 23, 17, '2020-05-22', 0),
(1454, 23, 16, '2020-05-25', 0),
(1455, 23, 17, '2020-05-25', 0),
(1456, 23, 16, '2020-05-26', 0),
(1457, 23, 17, '2020-05-26', 0),
(1458, 23, 16, '2020-05-27', 0),
(1459, 23, 17, '2020-05-27', 0),
(1460, 53, 20, '2020-05-18', 0),
(1461, 53, 24, '2020-05-18', 0),
(1462, 53, 22, '2020-05-18', 0),
(1463, 53, 19, '2020-05-18', 0),
(1464, 53, 27, '2020-05-18', 0),
(1465, 53, 29, '2020-05-18', 0),
(1466, 53, 28, '2020-05-18', 0),
(1467, 23, 16, '2020-05-27', 0),
(1468, 23, 17, '2020-05-27', 0),
(1469, 53, 20, '2020-05-19', 0),
(1470, 53, 24, '2020-05-19', 0),
(1471, 53, 22, '2020-05-19', 0),
(1472, 53, 19, '2020-05-19', 0),
(1473, 53, 27, '2020-05-19', 0),
(1474, 53, 29, '2020-05-19', 0),
(1475, 53, 28, '2020-05-19', 0),
(1476, 23, 16, '2020-05-28', 0),
(1477, 23, 17, '2020-05-28', 0),
(1478, 23, 16, '2020-05-29', 0),
(1479, 23, 17, '2020-05-29', 0),
(1480, 53, 20, '2020-05-20', 0),
(1481, 53, 24, '2020-05-20', 0),
(1482, 53, 22, '2020-05-20', 0),
(1483, 53, 19, '2020-05-20', 0),
(1484, 53, 27, '2020-05-20', 0),
(1485, 53, 29, '2020-05-20', 0),
(1486, 53, 28, '2020-05-20', 0),
(1487, 53, 20, '2020-05-21', 0),
(1488, 53, 24, '2020-05-21', 0),
(1489, 53, 22, '2020-05-21', 0),
(1490, 53, 19, '2020-05-21', 0),
(1491, 53, 27, '2020-05-21', 0),
(1492, 53, 29, '2020-05-21', 0),
(1493, 53, 28, '2020-05-21', 0),
(1494, 53, 20, '2020-05-22', 0),
(1495, 53, 24, '2020-05-22', 0),
(1496, 53, 22, '2020-05-22', 0),
(1497, 53, 19, '2020-05-22', 0),
(1498, 53, 27, '2020-05-22', 0),
(1499, 53, 29, '2020-05-22', 0),
(1500, 53, 28, '2020-05-22', 0),
(1501, 53, 20, '2020-05-22', 0),
(1502, 53, 24, '2020-05-22', 0),
(1503, 53, 22, '2020-05-22', 0),
(1504, 53, 19, '2020-05-22', 0),
(1505, 53, 27, '2020-05-22', 0),
(1506, 53, 29, '2020-05-22', 0),
(1507, 53, 28, '2020-05-22', 0),
(1508, 53, 20, '2020-05-25', 0),
(1509, 53, 24, '2020-05-25', 0),
(1510, 53, 22, '2020-05-25', 0),
(1511, 53, 19, '2020-05-25', 0),
(1512, 53, 27, '2020-05-25', 0),
(1513, 53, 29, '2020-05-25', 0),
(1514, 53, 28, '2020-05-25', 0),
(1515, 53, 20, '2020-05-26', 0),
(1516, 53, 24, '2020-05-26', 0),
(1517, 53, 22, '2020-05-26', 0),
(1518, 53, 19, '2020-05-26', 0),
(1519, 53, 27, '2020-05-26', 0),
(1520, 53, 29, '2020-05-26', 0),
(1521, 53, 28, '2020-05-26', 0),
(1522, 53, 20, '2020-05-27', 0),
(1523, 53, 24, '2020-05-27', 0),
(1524, 53, 22, '2020-05-27', 0),
(1525, 53, 19, '2020-05-27', 0),
(1526, 53, 27, '2020-05-27', 0),
(1527, 53, 29, '2020-05-27', 0),
(1528, 53, 28, '2020-05-27', 0),
(1529, 53, 20, '2020-05-27', 0),
(1530, 53, 24, '2020-05-27', 0),
(1531, 53, 22, '2020-05-27', 0),
(1532, 53, 19, '2020-05-27', 0),
(1533, 53, 27, '2020-05-27', 0),
(1534, 53, 29, '2020-05-27', 0),
(1535, 53, 28, '2020-05-27', 0),
(1536, 53, 20, '2020-05-28', 0),
(1537, 53, 24, '2020-05-28', 0),
(1538, 53, 22, '2020-05-28', 0),
(1539, 53, 19, '2020-05-28', 0),
(1540, 53, 27, '2020-05-28', 0),
(1541, 53, 29, '2020-05-28', 0),
(1542, 53, 28, '2020-05-28', 0),
(1543, 53, 20, '2020-05-29', 0),
(1544, 53, 24, '2020-05-29', 0),
(1545, 53, 22, '2020-05-29', 0),
(1546, 53, 19, '2020-05-29', 0),
(1547, 53, 27, '2020-05-29', 0),
(1548, 53, 29, '2020-05-29', 0),
(1549, 53, 28, '2020-05-29', 0),
(1550, 62, 16, '2020-05-04', 0),
(1551, 62, 17, '2020-05-04', 0),
(1552, 62, 16, '2020-05-01', 1),
(1553, 62, 17, '2020-05-01', 1),
(1554, 62, 16, '2020-05-05', 0),
(1555, 62, 17, '2020-05-05', 0),
(1556, 62, 16, '2020-05-06', 0),
(1557, 62, 17, '2020-05-06', 0),
(1558, 62, 16, '2020-05-07', 0),
(1559, 62, 17, '2020-05-07', 0),
(1560, 62, 16, '2020-05-08', 0),
(1561, 62, 17, '2020-05-08', 0),
(1562, 62, 16, '2020-05-11', 0),
(1563, 62, 17, '2020-05-11', 0),
(1564, 62, 16, '2020-05-12', 0),
(1565, 62, 17, '2020-05-12', 0),
(1566, 62, 16, '2020-05-13', 0),
(1567, 62, 17, '2020-05-13', 0),
(1568, 62, 16, '2020-05-14', 0),
(1569, 62, 17, '2020-05-14', 0),
(1570, 62, 16, '2020-05-15', 0),
(1571, 62, 17, '2020-05-15', 0),
(1572, 62, 16, '2020-05-18', 0),
(1573, 62, 17, '2020-05-18', 0),
(1574, 62, 16, '2020-05-19', 0),
(1575, 62, 17, '2020-05-19', 0),
(1576, 62, 16, '2020-05-20', 0),
(1577, 62, 17, '2020-05-20', 0),
(1578, 62, 16, '2020-05-21', 0),
(1579, 62, 17, '2020-05-21', 0),
(1580, 62, 16, '2020-05-22', 0),
(1581, 62, 17, '2020-05-22', 0),
(1582, 62, 16, '2020-05-25', 0),
(1583, 62, 17, '2020-05-25', 0),
(1584, 62, 16, '2020-05-26', 0),
(1585, 62, 17, '2020-05-26', 0),
(1586, 62, 16, '2020-05-27', 0),
(1587, 62, 17, '2020-05-27', 0),
(1588, 62, 16, '2020-05-28', 0),
(1589, 62, 17, '2020-05-28', 0),
(1590, 62, 16, '2020-05-29', 0),
(1591, 62, 17, '2020-05-29', 0),
(1592, 45, 16, '2020-05-01', 0),
(1593, 45, 17, '2020-05-01', 0),
(1594, 45, 16, '2020-05-04', 1),
(1595, 45, 17, '2020-05-04', 1),
(1596, 45, 16, '2020-05-05', 2),
(1597, 45, 17, '2020-05-05', 0),
(1598, 45, 16, '2020-05-06', 0),
(1599, 45, 17, '2020-05-06', 1),
(1600, 45, 16, '2020-05-07', 0),
(1601, 45, 17, '2020-05-07', 0),
(1602, 45, 16, '2020-05-08', 0),
(1603, 45, 17, '2020-05-08', 0),
(1604, 45, 16, '2020-05-11', 0),
(1605, 45, 17, '2020-05-11', 0),
(1606, 45, 16, '2020-05-12', 0),
(1607, 45, 17, '2020-05-12', 0),
(1608, 45, 16, '2020-05-13', 2),
(1609, 45, 17, '2020-05-13', 0),
(1610, 45, 16, '2020-05-14', 1),
(1611, 45, 17, '2020-05-14', 0),
(1612, 45, 16, '2020-05-15', 0),
(1613, 45, 17, '2020-05-15', 0),
(1614, 45, 16, '2020-05-18', 0),
(1615, 45, 17, '2020-05-18', 0),
(1616, 45, 16, '2020-05-19', 1),
(1617, 45, 17, '2020-05-19', 0),
(1618, 45, 16, '2020-05-20', 0),
(1619, 45, 17, '2020-05-20', 2),
(1620, 45, 16, '2020-05-21', 0),
(1621, 45, 17, '2020-05-21', 0),
(1622, 45, 16, '2020-05-22', 0),
(1623, 45, 17, '2020-05-22', 0),
(1624, 45, 16, '2020-05-25', 0),
(1625, 45, 17, '2020-05-25', 1),
(1626, 45, 16, '2020-05-26', 0),
(1627, 45, 17, '2020-05-26', 2),
(1628, 45, 16, '2020-05-27', 0),
(1629, 45, 17, '2020-05-27', 0),
(1630, 45, 16, '2020-05-28', 0),
(1631, 45, 17, '2020-05-28', 0),
(1632, 45, 16, '2020-05-29', 0),
(1633, 45, 17, '2020-05-29', 0),
(1634, 12, 16, '2020-05-01', 1),
(1635, 12, 17, '2020-05-01', 1),
(1636, 12, 16, '2020-05-04', 1),
(1637, 12, 17, '2020-05-04', 1),
(1638, 12, 16, '2020-05-05', 2),
(1639, 12, 17, '2020-05-05', 0),
(1640, 12, 16, '2020-05-06', 0),
(1641, 12, 17, '2020-05-06', 1),
(1642, 12, 16, '2020-05-07', 0),
(1643, 12, 17, '2020-05-07', 0),
(1644, 12, 16, '2020-05-08', 0),
(1645, 12, 17, '2020-05-08', 0),
(1646, 12, 16, '2020-05-11', 0),
(1647, 12, 17, '2020-05-11', 0),
(1648, 12, 16, '2020-05-12', 0),
(1649, 12, 17, '2020-05-12', 0),
(1650, 12, 16, '2020-05-13', 2),
(1651, 12, 17, '2020-05-13', 0),
(1652, 12, 16, '2020-05-14', 1),
(1653, 12, 17, '2020-05-14', 0),
(1654, 12, 16, '2020-05-15', 0),
(1655, 12, 17, '2020-05-15', 0),
(1656, 12, 16, '2020-05-18', 0),
(1657, 12, 17, '2020-05-18', 0),
(1658, 12, 16, '2020-05-19', 1),
(1659, 12, 17, '2020-05-19', 0),
(1660, 12, 16, '2020-05-20', 0),
(1661, 12, 17, '2020-05-20', 2),
(1662, 12, 16, '2020-05-21', 0),
(1663, 12, 17, '2020-05-21', 0),
(1664, 12, 16, '2020-05-22', 0),
(1665, 12, 17, '2020-05-22', 0),
(1666, 12, 16, '2020-05-25', 0),
(1667, 12, 17, '2020-05-25', 1),
(1668, 12, 16, '2020-05-26', 0),
(1669, 12, 17, '2020-05-26', 2),
(1670, 12, 16, '2020-05-27', 0),
(1671, 12, 17, '2020-05-27', 0),
(1672, 12, 16, '2020-05-28', 0),
(1673, 12, 17, '2020-05-28', 0),
(1674, 12, 16, '2020-05-29', 0),
(1675, 12, 17, '2020-05-29', 0),
(1676, 26, 16, '2020-05-01', 1),
(1677, 26, 17, '2020-05-01', 1),
(1678, 26, 16, '2020-05-04', 1),
(1679, 26, 17, '2020-05-04', 1),
(1680, 26, 16, '2020-05-05', 2);
INSERT INTO `asistencia` (`asis_id`, `asis_idcurso`, `asis_idalumno`, `asis_fecha`, `asis_est`) VALUES
(1681, 26, 17, '2020-05-05', 0),
(1682, 26, 16, '2020-05-06', 0),
(1683, 26, 17, '2020-05-06', 1),
(1684, 26, 16, '2020-05-07', 0),
(1685, 26, 17, '2020-05-07', 0),
(1686, 26, 16, '2020-05-08', 0),
(1687, 26, 17, '2020-05-08', 0),
(1688, 26, 16, '2020-05-11', 0),
(1689, 26, 17, '2020-05-11', 0),
(1690, 26, 16, '2020-05-12', 0),
(1691, 26, 17, '2020-05-12', 0),
(1692, 26, 16, '2020-05-13', 2),
(1693, 26, 17, '2020-05-13', 0),
(1694, 26, 16, '2020-05-14', 1),
(1695, 26, 17, '2020-05-14', 0),
(1696, 26, 16, '2020-05-15', 0),
(1697, 26, 17, '2020-05-15', 0),
(1698, 26, 16, '2020-05-18', 0),
(1699, 26, 17, '2020-05-18', 0),
(1700, 26, 16, '2020-05-19', 1),
(1701, 26, 17, '2020-05-19', 0),
(1702, 26, 16, '2020-05-20', 0),
(1703, 26, 17, '2020-05-20', 2),
(1704, 26, 16, '2020-05-21', 0),
(1705, 26, 17, '2020-05-21', 0),
(1706, 26, 16, '2020-05-22', 0),
(1707, 26, 17, '2020-05-22', 0),
(1708, 26, 16, '2020-05-25', 0),
(1709, 26, 17, '2020-05-25', 1),
(1710, 26, 16, '2020-05-26', 0),
(1711, 26, 17, '2020-05-26', 2),
(1712, 26, 16, '2020-05-27', 0),
(1713, 26, 17, '2020-05-27', 0),
(1714, 26, 16, '2020-05-28', 0),
(1715, 26, 17, '2020-05-28', 0),
(1716, 26, 16, '2020-05-29', 0),
(1717, 26, 17, '2020-05-29', 0),
(1718, 50, 16, '2020-05-01', 0),
(1719, 50, 17, '2020-05-01', 0),
(1720, 62, 16, '2020-05-01', 1),
(1721, 62, 17, '2020-05-01', 1),
(1722, 1, 16, '2020-05-01', 1),
(1723, 1, 17, '2020-05-01', 1),
(1724, 13, 15, '2020-05-01', 0),
(1725, 13, 18, '2020-05-01', 0),
(1726, 13, 23, '2020-05-01', 0),
(1727, 13, 25, '2020-05-01', 0),
(1728, 13, 26, '2020-05-01', 0),
(1729, 13, 47, '2020-05-01', 0),
(1730, 13, 15, '2020-05-04', 0),
(1731, 13, 18, '2020-05-04', 0),
(1732, 13, 23, '2020-05-04', 0),
(1733, 13, 25, '2020-05-04', 0),
(1734, 13, 26, '2020-05-04', 0),
(1735, 13, 47, '2020-05-04', 0),
(1736, 13, 15, '2020-05-05', 0),
(1737, 13, 18, '2020-05-05', 0),
(1738, 13, 23, '2020-05-05', 0),
(1739, 13, 25, '2020-05-05', 0),
(1740, 13, 26, '2020-05-05', 0),
(1741, 13, 47, '2020-05-05', 0),
(1742, 13, 15, '2020-05-06', 0),
(1743, 13, 18, '2020-05-06', 0),
(1744, 13, 23, '2020-05-06', 0),
(1745, 13, 25, '2020-05-06', 0),
(1746, 13, 26, '2020-05-06', 0),
(1747, 13, 47, '2020-05-06', 0),
(1748, 13, 15, '2020-05-07', 0),
(1749, 13, 18, '2020-05-07', 0),
(1750, 13, 23, '2020-05-07', 0),
(1751, 13, 25, '2020-05-07', 0),
(1752, 13, 26, '2020-05-07', 0),
(1753, 13, 47, '2020-05-07', 0),
(1754, 13, 15, '2020-05-08', 0),
(1755, 13, 18, '2020-05-08', 0),
(1756, 13, 23, '2020-05-08', 0),
(1757, 13, 25, '2020-05-08', 0),
(1758, 13, 26, '2020-05-08', 0),
(1759, 13, 47, '2020-05-08', 0),
(1760, 13, 15, '2020-05-11', 0),
(1761, 13, 18, '2020-05-11', 0),
(1762, 13, 23, '2020-05-11', 0),
(1763, 13, 25, '2020-05-11', 0),
(1764, 13, 26, '2020-05-11', 0),
(1765, 13, 47, '2020-05-11', 0),
(1766, 13, 15, '2020-05-12', 0),
(1767, 13, 18, '2020-05-12', 0),
(1768, 13, 23, '2020-05-12', 0),
(1769, 13, 25, '2020-05-12', 0),
(1770, 13, 26, '2020-05-12', 0),
(1771, 13, 47, '2020-05-12', 0),
(1772, 13, 15, '2020-05-13', 0),
(1773, 13, 18, '2020-05-13', 0),
(1774, 13, 23, '2020-05-13', 0),
(1775, 13, 25, '2020-05-13', 0),
(1776, 13, 26, '2020-05-13', 0),
(1777, 13, 47, '2020-05-13', 0),
(1778, 13, 15, '2020-05-14', 0),
(1779, 13, 18, '2020-05-14', 0),
(1780, 13, 23, '2020-05-14', 0),
(1781, 13, 25, '2020-05-14', 0),
(1782, 13, 26, '2020-05-14', 0),
(1783, 13, 47, '2020-05-14', 0),
(1784, 13, 15, '2020-05-15', 0),
(1785, 13, 18, '2020-05-15', 0),
(1786, 13, 23, '2020-05-15', 0),
(1787, 13, 25, '2020-05-15', 0),
(1788, 13, 26, '2020-05-15', 0),
(1789, 13, 47, '2020-05-15', 0),
(1790, 13, 15, '2020-05-18', 0),
(1791, 13, 18, '2020-05-18', 0),
(1792, 13, 23, '2020-05-18', 0),
(1793, 13, 25, '2020-05-18', 0),
(1794, 13, 26, '2020-05-18', 0),
(1795, 13, 47, '2020-05-18', 0),
(1796, 13, 15, '2020-05-19', 0),
(1797, 13, 18, '2020-05-19', 0),
(1798, 13, 23, '2020-05-19', 0),
(1799, 13, 25, '2020-05-19', 0),
(1800, 13, 26, '2020-05-19', 0),
(1801, 13, 47, '2020-05-19', 0),
(1802, 13, 15, '2020-05-20', 0),
(1803, 13, 18, '2020-05-20', 0),
(1804, 13, 23, '2020-05-20', 0),
(1805, 13, 25, '2020-05-20', 0),
(1806, 13, 26, '2020-05-20', 0),
(1807, 13, 47, '2020-05-20', 0),
(1808, 13, 15, '2020-05-21', 0),
(1809, 13, 18, '2020-05-21', 0),
(1810, 13, 23, '2020-05-21', 0),
(1811, 13, 25, '2020-05-21', 0),
(1812, 13, 26, '2020-05-21', 0),
(1813, 13, 47, '2020-05-21', 0),
(1814, 13, 15, '2020-05-22', 0),
(1815, 13, 18, '2020-05-22', 0),
(1816, 13, 23, '2020-05-22', 0),
(1817, 13, 25, '2020-05-22', 0),
(1818, 13, 26, '2020-05-22', 0),
(1819, 13, 47, '2020-05-22', 0),
(1820, 13, 15, '2020-05-25', 0),
(1821, 13, 18, '2020-05-25', 0),
(1822, 13, 23, '2020-05-25', 0),
(1823, 13, 25, '2020-05-25', 0),
(1824, 13, 26, '2020-05-25', 0),
(1825, 13, 47, '2020-05-25', 0),
(1826, 13, 15, '2020-05-26', 0),
(1827, 13, 18, '2020-05-26', 0),
(1828, 13, 23, '2020-05-26', 0),
(1829, 13, 25, '2020-05-26', 0),
(1830, 13, 26, '2020-05-26', 0),
(1831, 13, 47, '2020-05-26', 0),
(1832, 13, 15, '2020-05-27', 0),
(1833, 13, 18, '2020-05-27', 0),
(1834, 13, 23, '2020-05-27', 0),
(1835, 13, 25, '2020-05-27', 0),
(1836, 13, 26, '2020-05-27', 0),
(1837, 13, 47, '2020-05-27', 0),
(1838, 13, 15, '2020-05-28', 0),
(1839, 13, 18, '2020-05-28', 0),
(1840, 13, 23, '2020-05-28', 0),
(1841, 13, 25, '2020-05-28', 0),
(1842, 13, 26, '2020-05-28', 0),
(1843, 13, 47, '2020-05-28', 0),
(1844, 13, 15, '2020-05-29', 0),
(1845, 13, 18, '2020-05-29', 0),
(1846, 13, 23, '2020-05-29', 0),
(1847, 13, 25, '2020-05-29', 0),
(1848, 13, 26, '2020-05-29', 0),
(1849, 13, 47, '2020-05-29', 0),
(1850, 24, 15, '2020-05-01', 0),
(1851, 24, 18, '2020-05-01', 0),
(1852, 24, 23, '2020-05-01', 0),
(1853, 24, 25, '2020-05-01', 0),
(1854, 24, 26, '2020-05-01', 0),
(1855, 24, 47, '2020-05-01', 0),
(1856, 24, 15, '2020-05-04', 0),
(1857, 24, 18, '2020-05-04', 0),
(1858, 24, 23, '2020-05-04', 0),
(1859, 24, 25, '2020-05-04', 0),
(1860, 24, 26, '2020-05-04', 0),
(1861, 24, 47, '2020-05-04', 0),
(1862, 24, 15, '2020-05-05', 0),
(1863, 24, 18, '2020-05-05', 0),
(1864, 24, 23, '2020-05-05', 0),
(1865, 24, 25, '2020-05-05', 0),
(1866, 24, 26, '2020-05-05', 0),
(1867, 24, 47, '2020-05-05', 0),
(1868, 24, 15, '2020-05-06', 0),
(1869, 24, 18, '2020-05-06', 0),
(1870, 24, 23, '2020-05-06', 0),
(1871, 24, 25, '2020-05-06', 0),
(1872, 24, 26, '2020-05-06', 0),
(1873, 24, 47, '2020-05-06', 0),
(1874, 24, 15, '2020-05-07', 0),
(1875, 24, 18, '2020-05-07', 0),
(1876, 24, 23, '2020-05-07', 0),
(1877, 24, 25, '2020-05-07', 0),
(1878, 24, 26, '2020-05-07', 0),
(1879, 24, 47, '2020-05-07', 0),
(1880, 24, 15, '2020-05-08', 0),
(1881, 24, 18, '2020-05-08', 0),
(1882, 24, 23, '2020-05-08', 0),
(1883, 24, 25, '2020-05-08', 0),
(1884, 24, 26, '2020-05-08', 0),
(1885, 24, 47, '2020-05-08', 0),
(1886, 24, 15, '2020-05-11', 0),
(1887, 24, 18, '2020-05-11', 0),
(1888, 24, 23, '2020-05-11', 0),
(1889, 24, 25, '2020-05-11', 0),
(1890, 24, 26, '2020-05-11', 0),
(1891, 24, 47, '2020-05-11', 0),
(1892, 24, 15, '2020-05-12', 0),
(1893, 24, 18, '2020-05-12', 0),
(1894, 24, 23, '2020-05-12', 0),
(1895, 24, 25, '2020-05-12', 0),
(1896, 24, 26, '2020-05-12', 0),
(1897, 24, 47, '2020-05-12', 0),
(1898, 24, 15, '2020-05-13', 0),
(1899, 24, 18, '2020-05-13', 0),
(1900, 24, 23, '2020-05-13', 0),
(1901, 24, 25, '2020-05-13', 0),
(1902, 24, 26, '2020-05-13', 0),
(1903, 24, 47, '2020-05-13', 0),
(1904, 24, 15, '2020-05-14', 0),
(1905, 24, 18, '2020-05-14', 0),
(1906, 24, 23, '2020-05-14', 0),
(1907, 24, 25, '2020-05-14', 0),
(1908, 24, 26, '2020-05-14', 0),
(1909, 24, 47, '2020-05-14', 0),
(1910, 24, 15, '2020-05-15', 0),
(1911, 24, 18, '2020-05-15', 0),
(1912, 24, 23, '2020-05-15', 0),
(1913, 24, 25, '2020-05-15', 0),
(1914, 24, 26, '2020-05-15', 0),
(1915, 24, 47, '2020-05-15', 0),
(1916, 24, 15, '2020-05-18', 0),
(1917, 24, 18, '2020-05-18', 0),
(1918, 24, 23, '2020-05-18', 0),
(1919, 24, 25, '2020-05-18', 0),
(1920, 24, 26, '2020-05-18', 0),
(1921, 24, 47, '2020-05-18', 0),
(1922, 24, 15, '2020-05-19', 0),
(1923, 24, 18, '2020-05-19', 0),
(1924, 24, 23, '2020-05-19', 0),
(1925, 24, 25, '2020-05-19', 0),
(1926, 24, 26, '2020-05-19', 0),
(1927, 24, 47, '2020-05-19', 0),
(1928, 24, 15, '2020-05-20', 0),
(1929, 24, 18, '2020-05-20', 0),
(1930, 24, 23, '2020-05-20', 0),
(1931, 24, 25, '2020-05-20', 0),
(1932, 24, 26, '2020-05-20', 0),
(1933, 24, 47, '2020-05-20', 0),
(1934, 24, 15, '2020-05-21', 0),
(1935, 24, 18, '2020-05-21', 0),
(1936, 24, 23, '2020-05-21', 0),
(1937, 24, 25, '2020-05-21', 0),
(1938, 24, 26, '2020-05-21', 0),
(1939, 24, 47, '2020-05-21', 0),
(1940, 24, 15, '2020-05-22', 0),
(1941, 24, 18, '2020-05-22', 0),
(1942, 24, 23, '2020-05-22', 0),
(1943, 24, 25, '2020-05-22', 0),
(1944, 24, 26, '2020-05-22', 0),
(1945, 24, 47, '2020-05-22', 0),
(1946, 24, 15, '2020-05-25', 0),
(1947, 24, 18, '2020-05-25', 0),
(1948, 24, 23, '2020-05-25', 0),
(1949, 24, 25, '2020-05-25', 0),
(1950, 24, 26, '2020-05-25', 0),
(1951, 24, 47, '2020-05-25', 0),
(1952, 24, 15, '2020-05-26', 0),
(1953, 24, 18, '2020-05-26', 0),
(1954, 24, 23, '2020-05-26', 0),
(1955, 24, 25, '2020-05-26', 0),
(1956, 24, 26, '2020-05-26', 0),
(1957, 24, 47, '2020-05-26', 0),
(1958, 24, 15, '2020-05-27', 0),
(1959, 24, 18, '2020-05-27', 0),
(1960, 24, 23, '2020-05-27', 0),
(1961, 24, 25, '2020-05-27', 0),
(1962, 24, 26, '2020-05-27', 0),
(1963, 24, 47, '2020-05-27', 0),
(1964, 24, 15, '2020-05-28', 0),
(1965, 24, 18, '2020-05-28', 0),
(1966, 24, 23, '2020-05-28', 0),
(1967, 24, 25, '2020-05-28', 0),
(1968, 24, 26, '2020-05-28', 0),
(1969, 24, 47, '2020-05-28', 0),
(1970, 24, 15, '2020-05-29', 0),
(1971, 24, 18, '2020-05-29', 0),
(1972, 24, 23, '2020-05-29', 0),
(1973, 24, 25, '2020-05-29', 0),
(1974, 24, 26, '2020-05-29', 0),
(1975, 24, 47, '2020-05-29', 0),
(1976, 46, 15, '2020-05-01', 0),
(1977, 46, 18, '2020-05-01', 0),
(1978, 46, 23, '2020-05-01', 0),
(1979, 46, 25, '2020-05-01', 0),
(1980, 46, 26, '2020-05-01', 0),
(1981, 46, 47, '2020-05-01', 0),
(1982, 46, 15, '2020-05-04', 0),
(1983, 46, 18, '2020-05-04', 0),
(1984, 46, 23, '2020-05-04', 0),
(1985, 46, 25, '2020-05-04', 0),
(1986, 46, 26, '2020-05-04', 0),
(1987, 46, 47, '2020-05-04', 0),
(1988, 46, 15, '2020-05-05', 0),
(1989, 46, 18, '2020-05-05', 0),
(1990, 46, 23, '2020-05-05', 0),
(1991, 46, 25, '2020-05-05', 0),
(1992, 46, 26, '2020-05-05', 0),
(1993, 46, 47, '2020-05-05', 0),
(1994, 46, 15, '2020-05-06', 0),
(1995, 46, 18, '2020-05-06', 0),
(1996, 46, 23, '2020-05-06', 0),
(1997, 46, 25, '2020-05-06', 0),
(1998, 46, 26, '2020-05-06', 0),
(1999, 46, 47, '2020-05-06', 0),
(2000, 46, 15, '2020-05-07', 0),
(2001, 46, 18, '2020-05-07', 0),
(2002, 46, 23, '2020-05-07', 0),
(2003, 46, 25, '2020-05-07', 0),
(2004, 46, 26, '2020-05-07', 0),
(2005, 46, 47, '2020-05-07', 0),
(2006, 46, 15, '2020-05-08', 0),
(2007, 46, 18, '2020-05-08', 0),
(2008, 46, 23, '2020-05-08', 0),
(2009, 46, 25, '2020-05-08', 0),
(2010, 46, 26, '2020-05-08', 0),
(2011, 46, 47, '2020-05-08', 0),
(2012, 46, 15, '2020-05-11', 0),
(2013, 46, 18, '2020-05-11', 0),
(2014, 46, 23, '2020-05-11', 0),
(2015, 46, 25, '2020-05-11', 0),
(2016, 46, 26, '2020-05-11', 0),
(2017, 46, 47, '2020-05-11', 0),
(2018, 46, 15, '2020-05-12', 0),
(2019, 46, 18, '2020-05-12', 0),
(2020, 46, 23, '2020-05-12', 0),
(2021, 46, 25, '2020-05-12', 0),
(2022, 46, 26, '2020-05-12', 0),
(2023, 46, 47, '2020-05-12', 0),
(2024, 46, 15, '2020-05-13', 0),
(2025, 46, 18, '2020-05-13', 0),
(2026, 46, 23, '2020-05-13', 0),
(2027, 46, 25, '2020-05-13', 0),
(2028, 46, 26, '2020-05-13', 0),
(2029, 46, 47, '2020-05-13', 0),
(2030, 46, 15, '2020-05-14', 0),
(2031, 46, 18, '2020-05-14', 0),
(2032, 46, 23, '2020-05-14', 0),
(2033, 46, 25, '2020-05-14', 0),
(2034, 46, 26, '2020-05-14', 0),
(2035, 46, 47, '2020-05-14', 0),
(2036, 46, 15, '2020-05-15', 0),
(2037, 46, 18, '2020-05-15', 0),
(2038, 46, 23, '2020-05-15', 0),
(2039, 46, 25, '2020-05-15', 0),
(2040, 46, 26, '2020-05-15', 0),
(2041, 46, 47, '2020-05-15', 0),
(2042, 46, 15, '2020-05-18', 0),
(2043, 46, 18, '2020-05-18', 0),
(2044, 46, 23, '2020-05-18', 0),
(2045, 46, 25, '2020-05-18', 0),
(2046, 46, 26, '2020-05-18', 0),
(2047, 46, 47, '2020-05-18', 0),
(2048, 46, 15, '2020-05-19', 0),
(2049, 46, 18, '2020-05-19', 0),
(2050, 46, 23, '2020-05-19', 0),
(2051, 46, 25, '2020-05-19', 0),
(2052, 46, 26, '2020-05-19', 0),
(2053, 46, 47, '2020-05-19', 0),
(2054, 46, 15, '2020-05-20', 0),
(2055, 46, 18, '2020-05-20', 0),
(2056, 46, 23, '2020-05-20', 0),
(2057, 46, 25, '2020-05-20', 0),
(2058, 46, 26, '2020-05-20', 0),
(2059, 46, 47, '2020-05-20', 0),
(2060, 46, 15, '2020-05-21', 0),
(2061, 46, 18, '2020-05-21', 0),
(2062, 46, 23, '2020-05-21', 0),
(2063, 46, 25, '2020-05-21', 0),
(2064, 46, 26, '2020-05-21', 0),
(2065, 46, 47, '2020-05-21', 0),
(2066, 46, 15, '2020-05-22', 0),
(2067, 46, 18, '2020-05-22', 0),
(2068, 46, 23, '2020-05-22', 0),
(2069, 46, 25, '2020-05-22', 0),
(2070, 46, 26, '2020-05-22', 0),
(2071, 46, 47, '2020-05-22', 0),
(2072, 46, 15, '2020-05-25', 0),
(2073, 46, 18, '2020-05-25', 0),
(2074, 46, 23, '2020-05-25', 0),
(2075, 46, 25, '2020-05-25', 0),
(2076, 46, 26, '2020-05-25', 0),
(2077, 46, 47, '2020-05-25', 0),
(2078, 46, 15, '2020-05-26', 0),
(2079, 46, 18, '2020-05-26', 0),
(2080, 46, 23, '2020-05-26', 0),
(2081, 46, 25, '2020-05-26', 0),
(2082, 46, 26, '2020-05-26', 0),
(2083, 46, 47, '2020-05-26', 0),
(2084, 46, 15, '2020-05-27', 0),
(2085, 46, 18, '2020-05-27', 0),
(2086, 46, 23, '2020-05-27', 0),
(2087, 46, 25, '2020-05-27', 0),
(2088, 46, 26, '2020-05-27', 0),
(2089, 46, 47, '2020-05-27', 0),
(2090, 46, 15, '2020-05-28', 0),
(2091, 46, 18, '2020-05-28', 0),
(2092, 46, 23, '2020-05-28', 0),
(2093, 46, 25, '2020-05-28', 0),
(2094, 46, 26, '2020-05-28', 0),
(2095, 46, 47, '2020-05-28', 0),
(2096, 46, 15, '2020-05-29', 0),
(2097, 46, 18, '2020-05-29', 0),
(2098, 46, 23, '2020-05-29', 0),
(2099, 46, 25, '2020-05-29', 0),
(2100, 46, 26, '2020-05-29', 0),
(2101, 46, 47, '2020-05-29', 0),
(2102, 52, 15, '2020-05-01', 0),
(2103, 52, 18, '2020-05-01', 0),
(2104, 52, 23, '2020-05-01', 0),
(2105, 52, 25, '2020-05-01', 0),
(2106, 52, 26, '2020-05-01', 0),
(2107, 52, 47, '2020-05-01', 0),
(2108, 64, 15, '2020-05-01', 0),
(2109, 64, 18, '2020-05-01', 0),
(2110, 64, 23, '2020-05-01', 0),
(2111, 64, 25, '2020-05-01', 0),
(2112, 64, 26, '2020-05-01', 0),
(2113, 64, 47, '2020-05-01', 0),
(2114, 64, 15, '2020-05-04', 0),
(2115, 64, 18, '2020-05-04', 0),
(2116, 64, 23, '2020-05-04', 0),
(2117, 64, 25, '2020-05-04', 0),
(2118, 64, 26, '2020-05-04', 0),
(2119, 64, 47, '2020-05-04', 0),
(2120, 64, 15, '2020-05-05', 0),
(2121, 64, 18, '2020-05-05', 0),
(2122, 64, 23, '2020-05-05', 0),
(2123, 64, 25, '2020-05-05', 0),
(2124, 64, 26, '2020-05-05', 0),
(2125, 64, 47, '2020-05-05', 0),
(2126, 64, 15, '2020-05-06', 0),
(2127, 64, 18, '2020-05-06', 0),
(2128, 64, 23, '2020-05-06', 0),
(2129, 64, 25, '2020-05-06', 0),
(2130, 64, 26, '2020-05-06', 0),
(2131, 64, 47, '2020-05-06', 0),
(2132, 64, 15, '2020-05-07', 0),
(2133, 64, 18, '2020-05-07', 0),
(2134, 64, 23, '2020-05-07', 0),
(2135, 64, 25, '2020-05-07', 0),
(2136, 64, 26, '2020-05-07', 0),
(2137, 64, 47, '2020-05-07', 0),
(2138, 64, 15, '2020-05-08', 0),
(2139, 64, 18, '2020-05-08', 0),
(2140, 64, 23, '2020-05-08', 0),
(2141, 64, 25, '2020-05-08', 0),
(2142, 64, 26, '2020-05-08', 0),
(2143, 64, 47, '2020-05-08', 0),
(2144, 64, 15, '2020-05-11', 0),
(2145, 64, 18, '2020-05-11', 0),
(2146, 64, 23, '2020-05-11', 0),
(2147, 64, 25, '2020-05-11', 0),
(2148, 64, 26, '2020-05-11', 0),
(2149, 64, 47, '2020-05-11', 0),
(2150, 64, 15, '2020-05-12', 0),
(2151, 64, 18, '2020-05-12', 0),
(2152, 64, 23, '2020-05-12', 0),
(2153, 64, 25, '2020-05-12', 0),
(2154, 64, 26, '2020-05-12', 0),
(2155, 64, 47, '2020-05-12', 0),
(2156, 64, 15, '2020-05-13', 0),
(2157, 64, 18, '2020-05-13', 0),
(2158, 64, 23, '2020-05-13', 0),
(2159, 64, 25, '2020-05-13', 0),
(2160, 64, 26, '2020-05-13', 0),
(2161, 64, 47, '2020-05-13', 0),
(2162, 64, 15, '2020-05-14', 0),
(2163, 64, 18, '2020-05-14', 0),
(2164, 64, 23, '2020-05-14', 0),
(2165, 64, 25, '2020-05-14', 0),
(2166, 64, 26, '2020-05-14', 0),
(2167, 64, 47, '2020-05-14', 0),
(2168, 64, 15, '2020-05-15', 0),
(2169, 64, 18, '2020-05-15', 0),
(2170, 64, 23, '2020-05-15', 0),
(2171, 64, 25, '2020-05-15', 0),
(2172, 64, 26, '2020-05-15', 0),
(2173, 64, 47, '2020-05-15', 0),
(2174, 64, 15, '2020-05-18', 0),
(2175, 64, 18, '2020-05-18', 0),
(2176, 64, 23, '2020-05-18', 0),
(2177, 64, 25, '2020-05-18', 0),
(2178, 64, 26, '2020-05-18', 0),
(2179, 64, 47, '2020-05-18', 0),
(2180, 64, 15, '2020-05-19', 0),
(2181, 64, 18, '2020-05-19', 0),
(2182, 64, 23, '2020-05-19', 0),
(2183, 64, 25, '2020-05-19', 0),
(2184, 64, 26, '2020-05-19', 0),
(2185, 64, 47, '2020-05-19', 0),
(2186, 64, 15, '2020-05-20', 0),
(2187, 64, 18, '2020-05-20', 0),
(2188, 64, 23, '2020-05-20', 0),
(2189, 64, 25, '2020-05-20', 0),
(2190, 64, 26, '2020-05-20', 0),
(2191, 64, 47, '2020-05-20', 0),
(2192, 64, 15, '2020-05-21', 0),
(2193, 64, 18, '2020-05-21', 0),
(2194, 64, 23, '2020-05-21', 0),
(2195, 64, 25, '2020-05-21', 0),
(2196, 64, 26, '2020-05-21', 0),
(2197, 64, 47, '2020-05-21', 0),
(2198, 64, 15, '2020-05-22', 0),
(2199, 64, 18, '2020-05-22', 0),
(2200, 64, 23, '2020-05-22', 0),
(2201, 64, 25, '2020-05-22', 0),
(2202, 64, 26, '2020-05-22', 0),
(2203, 64, 47, '2020-05-22', 0),
(2204, 64, 15, '2020-05-25', 0),
(2205, 64, 18, '2020-05-25', 0),
(2206, 64, 23, '2020-05-25', 0),
(2207, 64, 25, '2020-05-25', 0),
(2208, 64, 26, '2020-05-25', 0),
(2209, 64, 47, '2020-05-25', 0),
(2210, 64, 15, '2020-05-26', 0),
(2211, 64, 18, '2020-05-26', 0),
(2212, 64, 23, '2020-05-26', 0),
(2213, 64, 25, '2020-05-26', 0),
(2214, 64, 26, '2020-05-26', 0),
(2215, 64, 47, '2020-05-26', 0),
(2216, 64, 15, '2020-05-27', 0),
(2217, 64, 18, '2020-05-27', 0),
(2218, 64, 23, '2020-05-27', 0),
(2219, 64, 25, '2020-05-27', 0),
(2220, 64, 26, '2020-05-27', 0),
(2221, 64, 47, '2020-05-27', 0),
(2222, 64, 15, '2020-05-28', 0),
(2223, 64, 18, '2020-05-28', 0),
(2224, 64, 23, '2020-05-28', 0),
(2225, 64, 25, '2020-05-28', 0),
(2226, 64, 26, '2020-05-28', 0),
(2227, 64, 47, '2020-05-28', 0),
(2228, 64, 15, '2020-05-29', 0),
(2229, 64, 18, '2020-05-29', 0),
(2230, 64, 23, '2020-05-29', 0),
(2231, 64, 25, '2020-05-29', 0),
(2232, 64, 26, '2020-05-29', 0),
(2233, 64, 47, '2020-05-29', 0),
(2234, 27, 15, '2020-05-01', 0),
(2235, 27, 18, '2020-05-01', 0),
(2236, 27, 23, '2020-05-01', 0),
(2237, 27, 25, '2020-05-01', 0),
(2238, 27, 26, '2020-05-01', 0),
(2239, 27, 47, '2020-05-01', 0),
(2240, 27, 15, '2020-05-04', 0),
(2241, 27, 18, '2020-05-04', 0),
(2242, 27, 23, '2020-05-04', 0),
(2243, 27, 25, '2020-05-04', 0),
(2244, 27, 26, '2020-05-04', 0),
(2245, 27, 47, '2020-05-04', 0),
(2246, 27, 15, '2020-05-05', 0),
(2247, 27, 18, '2020-05-05', 0),
(2248, 27, 23, '2020-05-05', 0),
(2249, 27, 25, '2020-05-05', 0),
(2250, 27, 26, '2020-05-05', 0),
(2251, 27, 47, '2020-05-05', 0),
(2252, 27, 15, '2020-05-06', 0),
(2253, 27, 18, '2020-05-06', 0),
(2254, 27, 23, '2020-05-06', 0),
(2255, 27, 25, '2020-05-06', 0),
(2256, 27, 26, '2020-05-06', 0),
(2257, 27, 47, '2020-05-06', 0),
(2258, 27, 15, '2020-05-07', 0),
(2259, 27, 18, '2020-05-07', 0),
(2260, 27, 23, '2020-05-07', 0),
(2261, 27, 25, '2020-05-07', 0),
(2262, 27, 26, '2020-05-07', 0),
(2263, 27, 47, '2020-05-07', 0),
(2264, 27, 15, '2020-05-08', 0),
(2265, 27, 18, '2020-05-08', 0),
(2266, 27, 23, '2020-05-08', 0),
(2267, 27, 25, '2020-05-08', 0),
(2268, 27, 26, '2020-05-08', 0),
(2269, 27, 47, '2020-05-08', 0),
(2270, 27, 15, '2020-05-11', 0),
(2271, 27, 18, '2020-05-11', 0),
(2272, 27, 23, '2020-05-11', 0),
(2273, 27, 25, '2020-05-11', 0),
(2274, 27, 26, '2020-05-11', 0),
(2275, 27, 47, '2020-05-11', 0),
(2276, 27, 15, '2020-05-12', 0),
(2277, 27, 18, '2020-05-12', 0),
(2278, 27, 23, '2020-05-12', 0),
(2279, 27, 25, '2020-05-12', 0),
(2280, 27, 26, '2020-05-12', 0),
(2281, 27, 47, '2020-05-12', 0),
(2282, 27, 15, '2020-05-13', 0),
(2283, 27, 18, '2020-05-13', 0),
(2284, 27, 23, '2020-05-13', 0),
(2285, 27, 25, '2020-05-13', 0),
(2286, 27, 26, '2020-05-13', 0),
(2287, 27, 47, '2020-05-13', 0),
(2288, 27, 15, '2020-05-14', 0),
(2289, 27, 18, '2020-05-14', 0),
(2290, 27, 23, '2020-05-14', 0),
(2291, 27, 25, '2020-05-14', 0),
(2292, 27, 26, '2020-05-14', 0),
(2293, 27, 47, '2020-05-14', 0),
(2294, 27, 15, '2020-05-15', 0),
(2295, 27, 18, '2020-05-15', 0),
(2296, 27, 23, '2020-05-15', 0),
(2297, 27, 25, '2020-05-15', 0),
(2298, 27, 26, '2020-05-15', 0),
(2299, 27, 47, '2020-05-15', 0),
(2300, 27, 15, '2020-05-18', 0),
(2301, 27, 18, '2020-05-18', 0),
(2302, 27, 23, '2020-05-18', 0),
(2303, 27, 25, '2020-05-18', 0),
(2304, 27, 26, '2020-05-18', 0),
(2305, 27, 47, '2020-05-18', 0),
(2306, 27, 15, '2020-05-19', 0),
(2307, 27, 18, '2020-05-19', 0),
(2308, 27, 23, '2020-05-19', 0),
(2309, 27, 25, '2020-05-19', 0),
(2310, 27, 26, '2020-05-19', 0),
(2311, 27, 47, '2020-05-19', 0),
(2312, 27, 15, '2020-05-20', 0),
(2313, 27, 18, '2020-05-20', 0),
(2314, 27, 23, '2020-05-20', 0),
(2315, 27, 25, '2020-05-20', 0),
(2316, 27, 26, '2020-05-20', 0),
(2317, 27, 47, '2020-05-20', 0),
(2318, 27, 15, '2020-05-21', 0),
(2319, 27, 18, '2020-05-21', 0),
(2320, 27, 23, '2020-05-21', 0),
(2321, 27, 25, '2020-05-21', 0),
(2322, 27, 26, '2020-05-21', 0),
(2323, 27, 47, '2020-05-21', 0),
(2324, 27, 15, '2020-05-22', 0),
(2325, 27, 18, '2020-05-22', 0),
(2326, 27, 23, '2020-05-22', 0),
(2327, 27, 25, '2020-05-22', 0),
(2328, 27, 26, '2020-05-22', 0),
(2329, 27, 47, '2020-05-22', 0),
(2330, 27, 15, '2020-05-25', 0),
(2331, 27, 18, '2020-05-25', 0),
(2332, 27, 23, '2020-05-25', 0),
(2333, 27, 25, '2020-05-25', 0),
(2334, 27, 26, '2020-05-25', 0),
(2335, 27, 47, '2020-05-25', 0),
(2336, 27, 15, '2020-05-26', 0),
(2337, 27, 18, '2020-05-26', 0),
(2338, 27, 23, '2020-05-26', 0),
(2339, 27, 25, '2020-05-26', 0),
(2340, 27, 26, '2020-05-26', 0),
(2341, 27, 47, '2020-05-26', 0),
(2342, 27, 15, '2020-05-27', 0),
(2343, 27, 18, '2020-05-27', 0),
(2344, 27, 23, '2020-05-27', 0),
(2345, 27, 25, '2020-05-27', 0),
(2346, 27, 26, '2020-05-27', 0),
(2347, 27, 47, '2020-05-27', 0),
(2348, 27, 15, '2020-05-28', 0),
(2349, 27, 18, '2020-05-28', 0),
(2350, 27, 23, '2020-05-28', 0),
(2351, 27, 25, '2020-05-28', 0),
(2352, 27, 26, '2020-05-28', 0),
(2353, 27, 47, '2020-05-28', 0),
(2354, 27, 15, '2020-05-29', 0),
(2355, 27, 18, '2020-05-29', 0),
(2356, 27, 23, '2020-05-29', 0),
(2357, 27, 25, '2020-05-29', 0),
(2358, 27, 26, '2020-05-29', 0),
(2359, 27, 47, '2020-05-29', 0),
(2360, 4, 19, '2020-05-01', 0),
(2361, 4, 20, '2020-05-01', 0),
(2362, 4, 22, '2020-05-01', 0),
(2363, 4, 24, '2020-05-01', 0),
(2364, 4, 27, '2020-05-01', 0),
(2365, 4, 28, '2020-05-01', 0),
(2366, 4, 29, '2020-05-01', 0),
(2367, 14, 19, '2020-05-01', 0),
(2368, 14, 20, '2020-05-01', 0),
(2369, 14, 22, '2020-05-01', 0),
(2370, 14, 24, '2020-05-01', 0),
(2371, 14, 27, '2020-05-01', 0),
(2372, 14, 28, '2020-05-01', 0),
(2373, 14, 29, '2020-05-01', 0),
(2374, 14, 19, '2020-05-04', 0),
(2375, 14, 20, '2020-05-04', 0),
(2376, 14, 22, '2020-05-04', 0),
(2377, 14, 24, '2020-05-04', 0),
(2378, 14, 27, '2020-05-04', 0),
(2379, 14, 28, '2020-05-04', 0),
(2380, 14, 29, '2020-05-04', 0),
(2381, 14, 19, '2020-05-05', 0),
(2382, 14, 20, '2020-05-05', 0),
(2383, 14, 22, '2020-05-05', 0),
(2384, 14, 24, '2020-05-05', 0),
(2385, 14, 27, '2020-05-05', 0),
(2386, 14, 28, '2020-05-05', 0),
(2387, 14, 29, '2020-05-05', 0),
(2388, 14, 19, '2020-05-06', 0),
(2389, 14, 20, '2020-05-06', 0),
(2390, 14, 22, '2020-05-06', 0),
(2391, 14, 24, '2020-05-06', 0),
(2392, 14, 27, '2020-05-06', 0),
(2393, 14, 28, '2020-05-06', 0),
(2394, 14, 29, '2020-05-06', 0),
(2395, 14, 19, '2020-05-07', 0),
(2396, 14, 20, '2020-05-07', 0),
(2397, 14, 22, '2020-05-07', 0),
(2398, 14, 24, '2020-05-07', 0),
(2399, 14, 27, '2020-05-07', 0),
(2400, 14, 28, '2020-05-07', 0),
(2401, 14, 29, '2020-05-07', 0),
(2402, 14, 19, '2020-05-08', 0),
(2403, 14, 20, '2020-05-08', 0),
(2404, 14, 22, '2020-05-08', 0),
(2405, 14, 24, '2020-05-08', 0),
(2406, 14, 27, '2020-05-08', 0),
(2407, 14, 28, '2020-05-08', 0),
(2408, 14, 29, '2020-05-08', 0),
(2409, 14, 19, '2020-05-11', 0),
(2410, 14, 20, '2020-05-11', 0),
(2411, 14, 22, '2020-05-11', 0),
(2412, 14, 24, '2020-05-11', 0),
(2413, 14, 27, '2020-05-11', 0),
(2414, 14, 28, '2020-05-11', 0),
(2415, 14, 29, '2020-05-11', 0),
(2416, 1, 16, '2020-07-13', 2),
(2417, 1, 17, '2020-07-13', 0),
(2418, 1, 16, '2020-07-14', 1),
(2419, 1, 17, '2020-07-14', 2),
(2420, 1, 16, '2020-07-15', 2),
(2421, 1, 17, '2020-07-15', 2);

-- --------------------------------------------------------

--
-- Estructura de tabla para la tabla `curso`
--

CREATE TABLE `curso` (
  `curs_id` bigint(20) UNSIGNED NOT NULL,
  `curs_iddocen` int(11) NOT NULL,
  `curs_idasig` int(11) NOT NULL,
  `curs_grado` int(11) NOT NULL,
  `curs_año` int(11) NOT NULL,
  `curs_est` int(11) NOT NULL DEFAULT '1'
) ENGINE=InnoDB DEFAULT CHARSET=utf8mb4 COLLATE=utf8mb4_unicode_ci;

--
-- Volcado de datos para la tabla `curso`
--

INSERT INTO `curso` (`curs_id`, `curs_iddocen`, `curs_idasig`, `curs_grado`, `curs_año`, `curs_est`) VALUES
(1, 14, 1, 1, 2020, 1),
(2, 14, 1, 2, 2020, 1),
(3, 11, 1, 7, 2020, 1),
(4, 14, 1, 3, 2020, 1),
(5, 11, 1, 8, 2020, 1),
(6, 14, 1, 4, 2020, 1),
(7, 11, 1, 9, 2020, 1),
(8, 14, 1, 5, 2020, 1),
(9, 14, 1, 6, 2020, 1),
(10, 11, 1, 10, 2020, 1),
(11, 11, 1, 11, 2020, 1),
(12, 14, 2, 1, 2020, 1),
(13, 14, 2, 2, 2020, 1),
(14, 14, 2, 3, 2020, 1),
(15, 14, 2, 4, 2020, 1),
(16, 14, 2, 5, 2020, 1),
(17, 14, 2, 6, 2020, 1),
(18, 14, 2, 7, 2020, 1),
(19, 14, 2, 8, 2020, 1),
(20, 14, 2, 9, 2020, 1),
(21, 14, 2, 10, 2020, 1),
(22, 14, 2, 11, 2020, 1),
(23, 14, 3, 1, 2020, 1),
(24, 14, 3, 2, 2020, 1),
(25, 14, 3, 3, 2020, 1),
(26, 9, 7, 1, 2020, 1),
(27, 9, 7, 2, 2020, 1),
(28, 14, 3, 4, 2020, 1),
(29, 14, 3, 5, 2020, 1),
(30, 9, 7, 3, 2020, 1),
(31, 9, 7, 4, 2020, 1),
(32, 14, 3, 6, 2020, 1),
(33, 9, 7, 5, 2020, 1),
(34, 14, 3, 7, 2020, 1),
(35, 9, 7, 6, 2020, 1),
(36, 14, 3, 8, 2020, 1),
(37, 9, 7, 7, 2020, 1),
(38, 14, 3, 9, 2020, 1),
(39, 9, 7, 8, 2020, 1),
(40, 14, 3, 10, 2020, 1),
(41, 9, 7, 9, 2020, 1),
(42, 14, 3, 11, 2020, 1),
(43, 9, 7, 10, 2020, 1),
(44, 9, 7, 11, 2020, 1),
(45, 14, 4, 1, 2020, 1),
(46, 14, 4, 2, 2020, 1),
(47, 14, 4, 4, 2020, 1),
(48, 14, 4, 5, 2020, 1),
(49, 14, 4, 6, 2020, 1),
(50, 12, 5, 1, 2020, 1),
(51, 14, 4, 9, 2020, 1),
(52, 12, 5, 2, 2020, 1),
(53, 12, 5, 3, 2020, 1),
(54, 12, 5, 4, 2020, 1),
(55, 14, 4, 3, 2020, 1),
(56, 12, 5, 5, 2020, 1),
(57, 12, 5, 6, 2020, 1),
(58, 14, 4, 7, 2020, 1),
(59, 14, 4, 8, 2020, 1),
(60, 14, 4, 10, 2020, 1),
(61, 14, 4, 11, 2020, 1),
(62, 12, 6, 1, 2020, 1),
(63, 12, 5, 7, 2020, 1),
(64, 12, 6, 2, 2020, 1),
(65, 12, 5, 8, 2020, 1),
(66, 12, 6, 3, 2020, 1),
(68, 12, 6, 4, 2020, 1),
(69, 12, 6, 5, 2020, 1),
(70, 12, 6, 6, 2020, 1),
(71, 12, 6, 7, 2020, 1),
(72, 12, 6, 8, 2020, 1),
(73, 12, 6, 9, 2020, 1),
(74, 12, 6, 10, 2020, 1),
(75, 12, 6, 11, 2020, 1),
(76, 12, 5, 9, 2020, 1),
(77, 12, 5, 10, 2020, 1),
(78, 12, 5, 11, 2020, 1);

-- --------------------------------------------------------

--
-- Estructura de tabla para la tabla `encuesta`
--

CREATE TABLE `encuesta` (
  `enc_id` int(11) NOT NULL,
  `enc_titulo` varchar(100) NOT NULL,
  `enc_link` text NOT NULL,
  `enc_usuario` int(11) NOT NULL,
  `enc_fecha` timestamp NOT NULL DEFAULT CURRENT_TIMESTAMP ON UPDATE CURRENT_TIMESTAMP
) ENGINE=InnoDB DEFAULT CHARSET=utf8;

--
-- Volcado de datos para la tabla `encuesta`
--

INSERT INTO `encuesta` (`enc_id`, `enc_titulo`, `enc_link`, `enc_usuario`, `enc_fecha`) VALUES
(1, 'dasd', 'dsa', 70327395, '2020-05-30 01:25:02');

-- --------------------------------------------------------

--
-- Estructura de tabla para la tabla `examen_linea`
--

CREATE TABLE `examen_linea` (
  `exa_id` bigint(20) UNSIGNED NOT NULL,
  `exa_idcurso` int(11) NOT NULL,
  `exa_titulo` varchar(100) COLLATE utf8mb4_unicode_ci NOT NULL,
  `exa_link` text COLLATE utf8mb4_unicode_ci NOT NULL,
  `exa_iddocen` int(11) NOT NULL,
  `exa_fecha` timestamp NOT NULL DEFAULT CURRENT_TIMESTAMP ON UPDATE CURRENT_TIMESTAMP
) ENGINE=InnoDB DEFAULT CHARSET=utf8mb4 COLLATE=utf8mb4_unicode_ci;

-- --------------------------------------------------------

--
-- Estructura de tabla para la tabla `migrations`
--

CREATE TABLE `migrations` (
  `id` int(10) UNSIGNED NOT NULL,
  `migration` varchar(191) COLLATE utf8mb4_unicode_ci NOT NULL,
  `batch` int(11) NOT NULL
) ENGINE=InnoDB DEFAULT CHARSET=utf8mb4 COLLATE=utf8mb4_unicode_ci;

--
-- Volcado de datos para la tabla `migrations`
--

INSERT INTO `migrations` (`id`, `migration`, `batch`) VALUES
(1, '2014_10_12_000000_create_users_table', 1),
(2, '2020_02_09_001642_create_roles_table', 1),
(3, '2020_02_13_023501_create_role_users_table', 1),
(4, '2020_04_22_221157_create_alumno_table', 1),
(5, '2020_04_22_230052_create_alumno_curso_table', 1),
(6, '2020_04_22_230111_create_apoderado_table', 1),
(7, '2020_04_22_230132_create_asignatura_table', 1),
(8, '2020_04_22_230144_create_asignatura_docente_table', 1),
(9, '2020_04_22_230156_create_asistencia_table', 1),
(10, '2020_04_22_231055_create_curso_table', 1),
(11, '2020_04_22_231109_create_examen_linea_table', 1),
(12, '2020_04_22_231121_create_notas_table', 1),
(13, '2020_04_22_231133_create_recurso_table', 1),
(14, '2020_04_22_231148_create_trabajador_table', 1);

-- --------------------------------------------------------

--
-- Estructura de tabla para la tabla `notas`
--

CREATE TABLE `notas` (
  `not_id` bigint(20) UNSIGNED NOT NULL,
  `not_idcurso` int(11) NOT NULL,
  `not_idalumno` int(11) NOT NULL,
  `not_n1` int(11) NOT NULL,
  `not_n2` int(11) NOT NULL,
  `not_n3` int(11) NOT NULL,
  `not_promedio` int(11) NOT NULL,
  `not_bimestre` int(11) NOT NULL
) ENGINE=InnoDB DEFAULT CHARSET=utf8mb4 COLLATE=utf8mb4_unicode_ci;

--
-- Volcado de datos para la tabla `notas`
--

INSERT INTO `notas` (`not_id`, `not_idcurso`, `not_idalumno`, `not_n1`, `not_n2`, `not_n3`, `not_promedio`, `not_bimestre`) VALUES
(1, 1, 16, 14, 14, 15, 14, 1),
(2, 1, 17, 15, 10, 10, 12, 1),
(5, 2, 15, 15, 15, 15, 15, 1),
(6, 2, 25, 15, 15, 15, 15, 1),
(7, 2, 18, 15, 15, 15, 15, 1),
(8, 2, 23, 15, 15, 15, 15, 1),
(9, 2, 47, 15, 15, 15, 15, 1),
(10, 2, 26, 5, 5, 5, 5, 1),
(11, 3, 7, 18, 18, 18, 18, 1),
(12, 3, 11, 18, 18, 18, 18, 1),
(13, 3, 13, 18, 18, 18, 18, 1),
(14, 3, 12, 18, 18, 18, 18, 1),
(15, 3, 9, 18, 18, 18, 18, 1),
(16, 3, 10, 18, 18, 18, 18, 1),
(17, 4, 20, 15, 15, 15, 15, 1),
(18, 4, 24, 15, 15, 15, 15, 1),
(19, 4, 22, 15, 15, 15, 15, 1),
(20, 4, 19, 15, 15, 15, 15, 1),
(21, 4, 27, 15, 15, 15, 15, 1),
(22, 4, 29, 15, 15, 15, 15, 1),
(23, 4, 28, 7, 7, 7, 7, 1),
(24, 5, 30, 18, 18, 18, 18, 1),
(25, 5, 8, 18, 18, 18, 18, 1),
(26, 5, 32, 18, 18, 18, 18, 1),
(27, 5, 33, 18, 18, 18, 18, 1),
(28, 5, 56, 18, 18, 18, 18, 1),
(29, 7, 46, 18, 18, 18, 18, 1),
(30, 7, 36, 18, 18, 18, 18, 1),
(31, 7, 31, 18, 18, 18, 18, 1),
(32, 7, 34, 18, 18, 18, 18, 1),
(33, 8, 39, 15, 15, 15, 15, 1),
(34, 8, 41, 15, 15, 15, 15, 1),
(35, 8, 43, 15, 15, 15, 15, 1),
(36, 8, 53, 15, 15, 15, 15, 1),
(37, 8, 45, 9, 9, 9, 9, 1),
(38, 10, 48, 18, 18, 18, 18, 1),
(39, 10, 35, 18, 18, 18, 18, 1),
(40, 10, 50, 18, 18, 18, 18, 1),
(41, 9, 40, 15, 15, 15, 15, 1),
(42, 9, 14, 15, 15, 15, 15, 1),
(43, 11, 52, 18, 18, 18, 18, 1),
(44, 11, 54, 18, 18, 18, 18, 1),
(45, 11, 55, 2, 2, 2, 2, 1),
(46, 11, 51, 10, 10, 11, 10, 1),
(47, 11, 49, 11, 10, 11, 11, 1),
(48, 6, 44, 18, 18, 18, 18, 1),
(49, 6, 42, 18, 18, 18, 18, 1),
(50, 6, 37, 18, 18, 18, 18, 1),
(51, 6, 21, 18, 18, 18, 18, 1),
(52, 6, 38, 18, 18, 18, 18, 1),
(53, 12, 16, 11, 11, 11, 11, 1),
(54, 12, 17, 12, 12, 12, 12, 1),
(55, 13, 15, 15, 15, 15, 15, 1),
(56, 13, 25, 15, 15, 15, 15, 1),
(57, 13, 18, 15, 15, 15, 15, 1),
(58, 13, 23, 15, 15, 15, 15, 1),
(59, 13, 47, 15, 15, 15, 15, 1),
(60, 13, 26, 15, 15, 15, 15, 1),
(61, 14, 20, 14, 13, 13, 13, 1),
(62, 14, 24, 13, 13, 13, 13, 1),
(63, 14, 22, 13, 13, 13, 13, 1),
(64, 14, 19, 13, 13, 13, 13, 1),
(65, 14, 27, 13, 13, 13, 13, 1),
(66, 14, 29, 13, 13, 13, 13, 1),
(67, 14, 28, 13, 13, 13, 13, 1),
(68, 15, 44, 15, 11, 15, 14, 1),
(69, 15, 42, 15, 11, 11, 12, 1),
(70, 15, 37, 11, 11, 11, 11, 1),
(71, 15, 21, 11, 11, 11, 11, 1),
(72, 15, 38, 11, 11, 11, 11, 1),
(73, 16, 39, 14, 14, 14, 14, 1),
(74, 16, 41, 14, 11, 11, 12, 1),
(75, 16, 43, 14, 11, 11, 12, 1),
(76, 16, 53, 14, 11, 12, 12, 1),
(77, 16, 45, 14, 11, 14, 13, 1),
(78, 17, 40, 11, 11, 15, 12, 1),
(79, 17, 14, 15, 15, 11, 14, 1),
(84, 18, 7, 11, 14, 11, 12, 1),
(85, 18, 11, 14, 14, 11, 13, 1),
(86, 18, 13, 14, 14, 14, 14, 1),
(87, 18, 12, 14, 14, 14, 14, 1),
(88, 18, 9, 14, 14, 14, 14, 1),
(89, 18, 10, 14, 14, 14, 14, 1),
(90, 19, 30, 15, 15, 15, 15, 1),
(91, 19, 8, 15, 15, 15, 15, 1),
(92, 19, 32, 15, 15, 15, 15, 1),
(93, 19, 33, 15, 15, 15, 15, 1),
(94, 19, 56, 15, 15, 11, 14, 1),
(95, 20, 46, 14, 14, 11, 13, 1),
(96, 20, 36, 14, 14, 11, 13, 1),
(97, 20, 31, 14, 14, 11, 13, 1),
(98, 20, 34, 14, 14, 11, 13, 1),
(99, 21, 48, 11, 11, 11, 11, 1),
(100, 21, 35, 11, 14, 14, 13, 1),
(101, 21, 50, 11, 14, 14, 13, 1),
(102, 22, 52, 15, 15, 15, 15, 1),
(103, 22, 54, 15, 15, 15, 15, 1),
(104, 22, 55, 15, 15, 13, 14, 1),
(105, 22, 51, 15, 15, 13, 14, 1),
(106, 22, 49, 15, 15, 13, 14, 1),
(107, 45, 16, 14, 12, 9, 12, 1),
(108, 45, 17, 12, 12, 7, 10, 1),
(109, 58, 7, 15, 18, 18, 17, 1),
(110, 58, 11, 15, 15, 17, 16, 1),
(111, 58, 13, 15, 15, 17, 16, 1),
(112, 58, 12, 15, 15, 16, 15, 1),
(113, 58, 9, 15, 11, 12, 13, 1),
(114, 58, 10, 5, 5, 5, 5, 1),
(115, 26, 16, 14, 14, 14, 14, 1),
(116, 26, 17, 14, 14, 14, 14, 1),
(117, 37, 7, 15, 16, 16, 16, 1),
(118, 37, 11, 15, 16, 16, 16, 1),
(119, 37, 13, 15, 16, 16, 16, 1),
(120, 37, 12, 15, 16, 16, 16, 1),
(121, 37, 9, 15, 16, 16, 16, 1),
(122, 37, 10, 15, 16, 1, 11, 1),
(123, 46, 15, 13, 13, 13, 13, 1),
(124, 46, 25, 12, 13, 13, 13, 1),
(125, 46, 18, 13, 13, 13, 13, 1),
(126, 46, 23, 13, 13, 13, 13, 1),
(127, 46, 47, 11, 11, 11, 11, 1),
(128, 46, 26, 7, 8, 16, 10, 1),
(129, 27, 15, 16, 16, 16, 16, 1),
(130, 27, 25, 16, 16, 16, 16, 1),
(131, 27, 18, 16, 16, 16, 16, 1),
(132, 27, 23, 16, 16, 16, 16, 1),
(133, 27, 47, 16, 16, 16, 16, 1),
(134, 27, 26, 16, 16, 16, 16, 1),
(135, 59, 30, 17, 17, 17, 17, 1),
(136, 59, 8, 17, 17, 17, 17, 1),
(137, 59, 32, 17, 17, 6, 13, 1),
(138, 59, 33, 17, 17, 7, 14, 1),
(139, 59, 56, 17, 17, 13, 16, 1),
(140, 39, 30, 11, 11, 11, 11, 1),
(141, 39, 8, 11, 11, 13, 12, 1),
(142, 39, 32, 11, 11, 16, 13, 1),
(143, 39, 33, 11, 11, 16, 13, 1),
(144, 39, 56, 11, 11, 16, 13, 1),
(145, 55, 20, 16, 16, 13, 15, 1),
(146, 55, 24, 16, 16, 17, 16, 1),
(147, 55, 22, 16, 16, 5, 12, 1),
(148, 55, 19, 16, 16, 17, 16, 1),
(149, 55, 27, 16, 16, 18, 17, 1),
(150, 55, 29, 16, 16, 12, 15, 1),
(151, 55, 28, 8, 8, 8, 8, 1),
(152, 30, 20, 15, 11, 15, 14, 1),
(153, 30, 24, 15, 11, 11, 12, 1),
(154, 30, 22, 15, 15, 15, 15, 1),
(155, 30, 19, 15, 15, 15, 15, 1),
(156, 30, 27, 15, 15, 15, 15, 1),
(157, 30, 29, 15, 15, 16, 15, 1),
(158, 30, 28, 15, 15, 17, 16, 1),
(159, 51, 46, 17, 6, 6, 10, 1),
(160, 51, 36, 14, 16, 20, 17, 1),
(161, 51, 31, 7, 16, 20, 14, 1),
(162, 51, 34, 15, 12, 12, 13, 1),
(163, 41, 46, 17, 17, 17, 17, 1),
(164, 41, 36, 17, 17, 17, 17, 1),
(165, 41, 31, 17, 17, 15, 16, 1),
(166, 41, 34, 17, 17, 14, 16, 1),
(167, 47, 44, 7, 8, 15, 10, 1),
(168, 47, 42, 7, 6, 12, 8, 1),
(169, 47, 37, 7, 2, 13, 7, 1),
(170, 47, 21, 7, 2, 14, 8, 1),
(171, 47, 38, 7, 2, 15, 8, 1),
(172, 31, 44, 14, 14, 14, 14, 1),
(173, 31, 42, 14, 14, 14, 14, 1),
(174, 31, 37, 14, 12, 14, 13, 1),
(175, 31, 21, 14, 12, 12, 13, 1),
(176, 31, 38, 14, 14, 12, 13, 1),
(177, 43, 48, 17, 15, 15, 16, 1),
(178, 43, 35, 17, 15, 15, 16, 1),
(179, 43, 50, 17, 17, 15, 16, 1),
(180, 60, 48, 15, 15, 15, 15, 1),
(181, 60, 35, 15, 15, 15, 15, 1),
(182, 60, 50, 15, 15, 15, 15, 1),
(183, 33, 39, 11, 12, 12, 12, 1),
(184, 33, 41, 11, 12, 15, 13, 1),
(185, 33, 43, 11, 12, 16, 13, 1),
(186, 33, 53, 11, 11, 16, 13, 1),
(187, 33, 45, 11, 16, 16, 14, 1),
(188, 48, 39, 17, 18, 15, 17, 1),
(189, 48, 41, 18, 18, 15, 17, 1),
(190, 48, 43, 18, 18, 2, 13, 1),
(191, 48, 53, 18, 18, 20, 19, 1),
(192, 48, 45, 18, 18, 12, 16, 1),
(193, 44, 52, 17, 17, 7, 14, 1),
(194, 44, 54, 17, 1, 1, 6, 1),
(195, 44, 55, 17, 14, 17, 16, 1),
(196, 44, 51, 17, 14, 17, 16, 1),
(197, 44, 49, 17, 17, 12, 15, 1),
(198, 61, 52, 15, 15, 15, 15, 1),
(199, 61, 54, 15, 15, 15, 15, 1),
(200, 61, 55, 15, 15, 15, 15, 1),
(201, 61, 51, 15, 15, 15, 15, 1),
(202, 61, 49, 15, 15, 15, 15, 1),
(203, 35, 40, 12, 14, 12, 13, 1),
(204, 35, 14, 12, 14, 12, 13, 1),
(205, 49, 40, 17, 15, 12, 15, 1),
(206, 49, 14, 11, 11, 8, 10, 1),
(207, 23, 16, 15, 12, 13, 13, 1),
(208, 23, 17, 17, 18, 14, 16, 1),
(209, 34, 7, 15, 15, 15, 15, 1),
(210, 34, 11, 14, 15, 15, 15, 1),
(211, 34, 13, 15, 15, 15, 15, 1),
(212, 34, 12, 15, 15, 15, 15, 1),
(213, 34, 9, 15, 15, 15, 15, 1),
(214, 34, 10, 7, 15, 15, 12, 1),
(215, 24, 15, 16, 16, 16, 16, 1),
(216, 24, 25, 16, 16, 16, 16, 1),
(217, 24, 18, 16, 16, 16, 16, 1),
(218, 24, 23, 16, 16, 16, 16, 1),
(219, 24, 47, 16, 16, 16, 16, 1),
(220, 24, 26, 16, 16, 16, 16, 1),
(221, 36, 30, 18, 18, 18, 18, 1),
(222, 36, 8, 18, 18, 18, 18, 1),
(223, 36, 32, 18, 18, 18, 18, 1),
(224, 36, 33, 7, 8, 18, 11, 1),
(225, 36, 56, 18, 18, 18, 18, 1),
(226, 25, 20, 15, 15, 15, 15, 1),
(227, 25, 24, 15, 15, 15, 15, 1),
(228, 25, 22, 15, 15, 15, 15, 1),
(229, 25, 19, 15, 15, 15, 15, 1),
(230, 25, 27, 15, 15, 15, 15, 1),
(231, 25, 29, 15, 15, 15, 15, 1),
(232, 25, 28, 15, 15, 15, 15, 1),
(233, 38, 46, 11, 11, 11, 11, 1),
(234, 38, 36, 11, 11, 11, 11, 1),
(235, 38, 31, 11, 11, 11, 11, 1),
(236, 38, 34, 11, 11, 11, 11, 1),
(237, 28, 44, 18, 18, 18, 18, 1),
(238, 28, 42, 18, 18, 18, 18, 1),
(239, 28, 37, 18, 18, 18, 18, 1),
(240, 28, 21, 18, 18, 18, 18, 1),
(241, 28, 38, 18, 18, 18, 18, 1),
(242, 40, 48, 18, 18, 18, 18, 1),
(243, 40, 35, 18, 18, 18, 18, 1),
(244, 40, 50, 18, 18, 18, 18, 1),
(245, 29, 39, 18, 12, 12, 14, 1),
(246, 29, 41, 18, 12, 12, 14, 1),
(247, 29, 43, 18, 12, 12, 14, 1),
(248, 29, 53, 18, 12, 12, 14, 1),
(249, 29, 45, 18, 12, 12, 14, 1),
(250, 42, 52, 10, 10, 10, 10, 1),
(251, 42, 54, 10, 10, 10, 10, 1),
(252, 42, 55, 10, 10, 10, 10, 1),
(253, 42, 51, 10, 10, 10, 10, 1),
(254, 42, 49, 10, 10, 10, 10, 1),
(255, 32, 40, 10, 10, 10, 10, 1),
(256, 32, 14, 10, 10, 10, 10, 1),
(257, 62, 16, 15, 15, 15, 15, 1),
(258, 62, 17, 15, 15, 15, 15, 1),
(259, 71, 7, 17, 17, 17, 17, 1),
(260, 71, 11, 17, 17, 17, 17, 1),
(261, 71, 13, 17, 17, 17, 17, 1),
(262, 71, 12, 17, 17, 17, 17, 1),
(263, 71, 9, 17, 17, 17, 17, 1),
(264, 71, 10, 17, 17, 17, 17, 1),
(265, 64, 15, 10, 10, 10, 10, 1),
(266, 64, 25, 10, 10, 10, 10, 1),
(267, 64, 18, 10, 10, 10, 10, 1),
(268, 64, 23, 10, 10, 10, 10, 1),
(269, 64, 47, 10, 10, 10, 10, 1),
(270, 64, 26, 10, 10, 10, 10, 1),
(271, 72, 30, 15, 15, 15, 15, 1),
(272, 72, 8, 15, 15, 15, 15, 1),
(273, 72, 32, 15, 15, 15, 15, 1),
(274, 72, 33, 15, 15, 15, 15, 1),
(275, 72, 56, 15, 15, 15, 15, 1),
(276, 66, 20, 16, 16, 16, 16, 1),
(277, 66, 24, 16, 16, 16, 16, 1),
(278, 66, 22, 16, 16, 16, 16, 1),
(279, 66, 19, 16, 16, 16, 16, 1),
(280, 66, 27, 16, 16, 16, 16, 1),
(281, 66, 29, 16, 16, 16, 16, 1),
(282, 66, 28, 16, 16, 16, 16, 1),
(283, 50, 16, 15, 15, 11, 14, 1),
(284, 50, 17, 15, 15, 15, 15, 1),
(285, 73, 46, 14, 14, 14, 14, 1),
(286, 73, 36, 14, 14, 14, 14, 1),
(287, 73, 31, 14, 14, 14, 14, 1),
(288, 73, 34, 14, 14, 14, 14, 1),
(289, 52, 15, 16, 16, 12, 15, 1),
(290, 52, 25, 11, 16, 12, 13, 1),
(291, 52, 18, 11, 16, 12, 13, 1),
(292, 52, 23, 11, 16, 12, 13, 1),
(293, 52, 47, 11, 16, 12, 13, 1),
(294, 52, 26, 11, 16, 12, 13, 1),
(295, 68, 44, 12, 12, 12, 12, 1),
(296, 68, 42, 12, 12, 12, 12, 1),
(297, 68, 37, 12, 12, 12, 12, 1),
(298, 68, 21, 12, 12, 12, 12, 1),
(299, 68, 38, 12, 12, 12, 12, 1),
(300, 53, 20, 15, 15, 15, 15, 1),
(301, 53, 24, 15, 15, 15, 15, 1),
(302, 53, 22, 15, 14, 15, 15, 1),
(303, 53, 19, 15, 14, 15, 15, 1),
(304, 53, 27, 15, 14, 11, 13, 1),
(305, 53, 29, 15, 14, 15, 15, 1),
(306, 53, 28, 15, 14, 15, 15, 1),
(307, 74, 48, 10, 10, 10, 10, 1),
(308, 74, 35, 10, 10, 10, 10, 1),
(309, 74, 50, 10, 10, 10, 10, 1),
(310, 54, 44, 16, 15, 14, 15, 1),
(311, 54, 42, 16, 15, 14, 15, 1),
(312, 54, 37, 16, 15, 14, 15, 1),
(313, 54, 21, 16, 15, 14, 15, 1),
(314, 54, 38, 14, 11, 11, 12, 1),
(315, 69, 39, 13, 13, 13, 13, 1),
(316, 69, 41, 13, 13, 13, 13, 1),
(317, 69, 43, 13, 13, 13, 13, 1),
(318, 69, 53, 13, 13, 13, 13, 1),
(319, 69, 45, 13, 13, 13, 13, 1),
(320, 56, 39, 16, 11, 16, 14, 1),
(321, 56, 41, 16, 16, 11, 14, 1),
(322, 56, 43, 16, 1, 11, 9, 1),
(323, 56, 53, 11, 16, 11, 13, 1),
(324, 56, 45, 11, 11, 16, 13, 1),
(325, 75, 52, 14, 14, 14, 14, 1),
(326, 75, 54, 14, 14, 14, 14, 1),
(327, 75, 55, 14, 14, 14, 14, 1),
(328, 75, 51, 14, 14, 14, 14, 1),
(329, 75, 49, 14, 14, 14, 14, 1),
(330, 57, 40, 16, 11, 11, 13, 1),
(331, 57, 14, 11, 16, 16, 14, 1),
(332, 70, 40, 7, 7, 7, 7, 1),
(333, 70, 14, 7, 7, 7, 7, 1),
(334, 63, 7, 15, 14, 11, 13, 1),
(335, 63, 11, 15, 11, 14, 13, 1),
(336, 63, 13, 11, 15, 11, 12, 1),
(337, 63, 12, 15, 14, 15, 15, 1),
(338, 63, 9, 11, 15, 11, 12, 1),
(339, 63, 10, 15, 11, 14, 13, 1),
(340, 65, 30, 15, 14, 15, 15, 1),
(341, 65, 8, 15, 15, 12, 14, 1),
(342, 65, 32, 15, 15, 11, 14, 1),
(343, 65, 33, 15, 15, 11, 14, 1),
(344, 65, 56, 15, 15, 1, 10, 1),
(345, 76, 46, 15, 11, 15, 14, 1),
(346, 76, 36, 15, 11, 11, 12, 1),
(347, 76, 31, 11, 15, 11, 12, 1),
(348, 76, 34, 11, 11, 15, 12, 1),
(349, 77, 48, 15, 15, 15, 15, 1),
(350, 77, 35, 15, 15, 15, 15, 1),
(351, 77, 50, 15, 15, 15, 15, 1),
(352, 78, 52, 15, 15, 15, 15, 1),
(353, 78, 54, 15, 15, 15, 15, 1),
(354, 78, 55, 15, 15, 15, 15, 1),
(355, 78, 51, 15, 15, 15, 15, 1),
(356, 78, 49, 15, 15, 15, 15, 1);

-- --------------------------------------------------------

--
-- Estructura de tabla para la tabla `pagos`
--

CREATE TABLE `pagos` (
  `id` int(11) NOT NULL,
  `año` int(11) NOT NULL,
  `idalumno` int(11) NOT NULL,
  `montoanual` decimal(8,2) NOT NULL,
  `descuento` decimal(8,2) DEFAULT NULL,
  `inicial` decimal(8,2) NOT NULL,
  `marzo` decimal(8,2) DEFAULT NULL,
  `abril` decimal(8,2) DEFAULT NULL,
  `mayo` decimal(8,2) DEFAULT NULL,
  `junio` decimal(8,2) DEFAULT NULL,
  `julio` decimal(8,2) DEFAULT NULL,
  `agosto` decimal(8,2) DEFAULT NULL,
  `setiembre` decimal(8,2) DEFAULT NULL,
  `octubre` decimal(8,2) DEFAULT NULL,
  `noviembre` decimal(8,2) DEFAULT NULL,
  `diciembre` decimal(8,2) DEFAULT NULL
) ENGINE=InnoDB DEFAULT CHARSET=latin1;

--
-- Volcado de datos para la tabla `pagos`
--

INSERT INTO `pagos` (`id`, `año`, `idalumno`, `montoanual`, `descuento`, `inicial`, `marzo`, `abril`, `mayo`, `junio`, `julio`, `agosto`, `setiembre`, `octubre`, `noviembre`, `diciembre`) VALUES
(1, 2020, 39, '4900.00', '1600.00', '2500.00', '-80.00', '-80.00', '-80.00', '-80.00', '-80.00', '-80.00', '-80.00', '-80.00', '-80.00', '-80.00'),
(2, 2020, 44, '4900.00', '1750.00', '2000.00', '-115.00', '-115.00', '-115.00', '-115.00', '-115.00', '-115.00', '-115.00', '-115.00', '-115.00', '-115.00'),
(3, 2020, 40, '4900.00', '1900.00', '0.00', '-300.00', '-300.00', '-300.00', '-300.00', '-300.00', '-300.00', '-300.00', '-300.00', '-300.00', '-300.00'),
(4, 2020, 46, '4900.00', '1500.00', '0.00', '-340.00', '-340.00', '-340.00', '-340.00', '-340.00', '-340.00', '-340.00', '-340.00', '-340.00', '-340.00'),
(5, 2020, 30, '4900.00', '1500.00', '0.00', '-340.00', '-340.00', '-340.00', '-340.00', '-340.00', '-340.00', '-340.00', '-340.00', '-340.00', '-340.00'),
(6, 2020, 8, '4900.00', '1500.00', '2000.00', '140.00', '-140.00', '-140.00', '-140.00', '-140.00', '-140.00', '-140.00', '-140.00', '-140.00', '-140.00'),
(7, 2020, 15, '4900.00', '1700.00', '700.00', '-250.00', '-250.00', '-250.00', '-250.00', '-250.00', '-250.00', '-250.00', '-250.00', '-250.00', '-250.00'),
(9, 2020, 7, '4900.00', '1700.00', '0.00', '-320.00', '-320.00', '-320.00', '-320.00', '-320.00', '-320.00', '-320.00', '-320.00', '-320.00', '-320.00'),
(10, 2020, 41, '4900.00', '1500.00', '400.00', '-300.00', '-300.00', '-300.00', '-300.00', '-300.00', '-300.00', '-300.00', '-300.00', '-300.00', '-300.00'),
(11, 2020, 16, '4900.00', '1500.00', '0.00', '-340.00', '-340.00', '-340.00', '-340.00', '-340.00', '-340.00', '-340.00', '-340.00', '-340.00', '-340.00'),
(12, 2020, 18, '4900.00', '1500.00', '0.00', '-340.00', '-340.00', '-340.00', '-340.00', '-340.00', '-340.00', '-340.00', '-340.00', '-340.00', '-340.00'),
(13, 2020, 23, '4900.00', '1500.00', '1880.00', '-152.00', '-152.00', '-152.00', '-152.00', '-152.00', '-152.00', '-152.00', '-152.00', '-152.00', '-152.00'),
(14, 2020, 52, '4900.00', '1700.00', '0.00', '-320.00', '-320.00', '-320.00', '-320.00', '-320.00', '-320.00', '-320.00', '-320.00', '-320.00', '-320.00'),
(15, 2020, 54, '4900.00', '1700.00', '0.00', '-320.00', '-320.00', '-320.00', '-320.00', '-320.00', '-320.00', '-320.00', '-320.00', '-320.00', '-320.00'),
(16, 2020, 48, '0.00', '0.00', '0.00', '0.00', '0.00', '0.00', '0.00', '0.00', '0.00', '0.00', '0.00', '0.00', '0.00'),
(17, 2020, 20, '4900.00', '1500.00', '1400.00', '-200.00', '-200.00', '-200.00', '-200.00', '-200.00', '-200.00', '-200.00', '-200.00', '-200.00', '-200.00'),
(18, 2020, 36, '4900.00', '1900.00', '0.00', '-300.00', '-300.00', '-300.00', '-300.00', '-300.00', '-300.00', '-300.00', '-300.00', '-300.00', '-300.00'),
(19, 2020, 11, '4900.00', '1900.00', '0.00', '-300.00', '-300.00', '-300.00', '-300.00', '-300.00', '-300.00', '-300.00', '-300.00', '-300.00', '-300.00'),
(20, 2020, 47, '4900.00', '1500.00', '0.00', '-340.00', '-340.00', '-340.00', '-340.00', '-340.00', '-340.00', '-340.00', '-340.00', '-340.00', '-340.00'),
(21, 2020, 14, '4900.00', '1500.00', '300.00', '-310.00', '-310.00', '-310.00', '-310.00', '-310.00', '-310.00', '-310.00', '-310.00', '-310.00', '-310.00'),
(22, 2020, 26, '4900.00', '2900.00', '0.00', '-200.00', '-200.00', '-200.00', '-200.00', '-200.00', '-200.00', '-200.00', '-200.00', '-200.00', '-200.00'),
(23, 2020, 37, '4900.00', '2900.00', '0.00', '-200.00', '-200.00', '-200.00', '-200.00', '-200.00', '-200.00', '-200.00', '-200.00', '-200.00', '-200.00'),
(24, 2020, 17, '4900.00', '1500.00', '0.00', '-340.00', '-340.00', '-340.00', '-340.00', '-340.00', '-340.00', '-340.00', '-340.00', '-340.00', '-340.00'),
(25, 2020, 34, '4900.00', '1500.00', '2000.00', '-140.00', '-140.00', '-140.00', '-140.00', '-140.00', '-140.00', '-140.00', '-140.00', '-140.00', '-140.00'),
(26, 2020, 29, '4910.00', '2400.00', '0.00', '-251.00', '-251.00', '-251.00', '-251.00', '-251.00', '-251.00', '-251.00', '-251.00', '-251.00', '-251.00'),
(27, 2020, 51, '4900.00', '1500.00', '0.00', '-340.00', '-340.00', '-340.00', '-340.00', '-340.00', '-340.00', '-340.00', '-340.00', '-340.00', '-340.00'),
(28, 2020, 38, '4900.00', '1500.00', '900.00', '-250.00', '-250.00', '-250.00', '-250.00', '-250.00', '-250.00', '-250.00', '-250.00', '-250.00', '-250.00'),
(29, 2020, 10, '4910.00', '1500.00', '750.00', '-266.00', '-266.00', '-266.00', '-266.00', '-266.00', '-266.00', '-266.00', '-266.00', '-266.00', '-266.00'),
(30, 2020, 49, '4910.00', '1500.00', '750.00', '-266.00', '-266.00', '-266.00', '-266.00', '-266.00', '-266.00', '-266.00', '-266.00', '-266.00', '-266.00'),
(31, 2020, 28, '4900.00', '1500.00', '2000.00', '-140.00', '-140.00', '-140.00', '-140.00', '-140.00', '-140.00', '-140.00', '-140.00', '-140.00', '-140.00'),
(32, 2020, 25, '5000.00', '3000.00', '200.00', '-180.00', '-180.00', '-180.00', '-180.00', '-180.00', '-180.00', '-180.00', '-180.00', '-180.00', '-180.00');

-- --------------------------------------------------------

--
-- Estructura de tabla para la tabla `recurso`
--

CREATE TABLE `recurso` (
  `rec_id` bigint(20) UNSIGNED NOT NULL,
  `rec_curso` int(11) NOT NULL,
  `rec_bimestre` int(11) NOT NULL,
  `rec_archivo` varchar(180) COLLATE utf8mb4_unicode_ci NOT NULL,
  `rec_dni` varchar(9) COLLATE utf8mb4_unicode_ci NOT NULL,
  `rec_rol` int(11) NOT NULL,
  `rec_fechahora` timestamp NOT NULL DEFAULT CURRENT_TIMESTAMP ON UPDATE CURRENT_TIMESTAMP
) ENGINE=InnoDB DEFAULT CHARSET=utf8mb4 COLLATE=utf8mb4_unicode_ci;

-- --------------------------------------------------------

--
-- Estructura de tabla para la tabla `recvideo`
--

CREATE TABLE `recvideo` (
  `vid_id` int(11) NOT NULL,
  `vid_curso` int(11) NOT NULL,
  `vid_titulo` varchar(100) NOT NULL,
  `vid_link` text NOT NULL,
  `vid_usuario` int(11) NOT NULL,
  `vid_fecha` timestamp NOT NULL DEFAULT CURRENT_TIMESTAMP ON UPDATE CURRENT_TIMESTAMP
) ENGINE=InnoDB DEFAULT CHARSET=utf8;

--
-- Volcado de datos para la tabla `recvideo`
--

INSERT INTO `recvideo` (`vid_id`, `vid_curso`, `vid_titulo`, `vid_link`, `vid_usuario`, `vid_fecha`) VALUES
(1, 1, 'Video de prueba', '<iframe width=\"560\" height=\"315\" src=\"https://www.youtube.com/embed/faRqvaIzC6U\" frameborder=\"0\" allow=\"accelerometer; autoplay; encrypted-media; gyroscope; picture-in-picture\" allowfullscreen></iframe>', 25565399, '2020-05-29 00:27:35'),
(2, 34, 'Video de prueba 2', 'https://www.youtube.com/embed/POk3G2Q8mnA', 25565399, '2020-05-29 00:29:04'),
(3, 1, 'sdsd', 'sd', 25565399, '2020-05-30 01:18:19');

-- --------------------------------------------------------

--
-- Estructura de tabla para la tabla `roles`
--

CREATE TABLE `roles` (
  `id` int(10) UNSIGNED NOT NULL,
  `name` varchar(191) COLLATE utf8mb4_unicode_ci NOT NULL,
  `description` varchar(191) COLLATE utf8mb4_unicode_ci NOT NULL,
  `created_at` timestamp NULL DEFAULT NULL,
  `updated_at` timestamp NULL DEFAULT NULL
) ENGINE=InnoDB DEFAULT CHARSET=utf8mb4 COLLATE=utf8mb4_unicode_ci;

--
-- Volcado de datos para la tabla `roles`
--

INSERT INTO `roles` (`id`, `name`, `description`, `created_at`, `updated_at`) VALUES
(1, 'admin', 'Administrador', NULL, NULL),
(2, 'secre', 'Secretaria', NULL, NULL),
(3, 'docen', 'Docente', NULL, NULL),
(4, 'alum', 'Alumno', NULL, NULL);

-- --------------------------------------------------------

--
-- Estructura de tabla para la tabla `role_user`
--

CREATE TABLE `role_user` (
  `id` int(10) UNSIGNED NOT NULL,
  `user_id` int(10) UNSIGNED NOT NULL,
  `role_id` int(10) UNSIGNED NOT NULL,
  `created_at` timestamp NULL DEFAULT NULL,
  `updated_at` timestamp NULL DEFAULT NULL
) ENGINE=InnoDB DEFAULT CHARSET=utf8mb4 COLLATE=utf8mb4_unicode_ci;

--
-- Volcado de datos para la tabla `role_user`
--

INSERT INTO `role_user` (`id`, `user_id`, `role_id`, `created_at`, `updated_at`) VALUES
(1, 75200120, 1, NULL, NULL),
(2, 70327395, 1, NULL, NULL),
(14, 46843503, 2, NULL, NULL),
(15, 72748576, 3, NULL, NULL),
(16, 25705360, 3, NULL, NULL),
(17, 72567685, 3, NULL, NULL),
(18, 25501709, 3, NULL, NULL),
(19, 72395197, 3, NULL, NULL),
(20, 25565399, 3, NULL, NULL),
(21, 70743435, 4, NULL, NULL),
(22, 61213486, 4, NULL, NULL),
(23, 71175886, 4, NULL, NULL),
(24, 61184063, 4, NULL, NULL),
(25, 70742621, 4, NULL, NULL),
(26, 1878692, 3, NULL, NULL),
(27, 61876657, 4, NULL, NULL),
(28, 71146067, 4, NULL, NULL),
(29, 72052749, 4, NULL, NULL),
(30, 77959950, 4, NULL, NULL),
(31, 78468782, 4, NULL, NULL),
(32, 78148343, 4, NULL, NULL),
(33, 76703306, 4, NULL, NULL),
(34, 81225823, 4, NULL, NULL),
(35, 77109917, 4, NULL, NULL),
(36, 61917834, 4, NULL, NULL),
(37, 77522755, 4, NULL, NULL),
(38, 77751151, 4, NULL, NULL),
(39, 63160124, 4, NULL, NULL),
(40, 63304628, 4, NULL, NULL),
(41, 77622455, 4, NULL, NULL),
(42, 77308389, 4, NULL, NULL),
(43, 77307624, 4, NULL, NULL),
(44, 62922064, 4, NULL, NULL),
(45, 70488782, 4, NULL, NULL),
(46, 76277258, 4, NULL, NULL),
(47, 60796642, 4, NULL, NULL),
(48, 70592790, 4, NULL, NULL),
(49, 75876911, 4, NULL, NULL),
(50, 72372581, 4, NULL, NULL),
(51, 77225584, 4, NULL, NULL),
(52, 75032578, 4, NULL, NULL),
(53, 74275103, 4, NULL, NULL),
(54, 61887368, 4, NULL, NULL),
(55, 71169722, 4, NULL, NULL),
(56, 72998023, 4, NULL, NULL),
(57, 74516988, 4, NULL, NULL),
(58, 61997881, 4, NULL, NULL),
(59, 74681279, 4, NULL, NULL),
(60, 74107428, 4, NULL, NULL),
(61, 73108006, 4, NULL, NULL),
(62, 77738642, 4, NULL, NULL),
(63, 77093796, 4, NULL, NULL),
(64, 72738868, 4, NULL, NULL),
(65, 75455178, 4, NULL, NULL),
(66, 72903133, 4, NULL, NULL),
(67, 73010468, 4, NULL, NULL),
(68, 71367888, 4, NULL, NULL),
(69, 76608869, 4, NULL, NULL),
(70, 74877020, 4, NULL, NULL),
(71, 9082655, 1, NULL, NULL),
(72, 79647016, 4, NULL, NULL),
(73, 9038787, 1, NULL, NULL),
(74, 70896008, 1, NULL, NULL);

-- --------------------------------------------------------

--
-- Estructura de tabla para la tabla `trabajador`
--

CREATE TABLE `trabajador` (
  `trab_id` int(10) UNSIGNED NOT NULL,
  `trab_dni` varchar(9) COLLATE utf8mb4_unicode_ci NOT NULL,
  `trab_ape` varchar(70) COLLATE utf8mb4_unicode_ci NOT NULL,
  `trab_nom` varchar(50) COLLATE utf8mb4_unicode_ci NOT NULL,
  `trab_sexo` int(11) NOT NULL,
  `trab_fnac` date NOT NULL,
  `trab_email` varchar(100) COLLATE utf8mb4_unicode_ci DEFAULT NULL,
  `trab_tel` varchar(11) COLLATE utf8mb4_unicode_ci DEFAULT NULL,
  `trab_est` int(11) NOT NULL DEFAULT '1',
  `trab_user` int(10) UNSIGNED NOT NULL
) ENGINE=InnoDB DEFAULT CHARSET=utf8mb4 COLLATE=utf8mb4_unicode_ci;

--
-- Volcado de datos para la tabla `trabajador`
--

INSERT INTO `trabajador` (`trab_id`, `trab_dni`, `trab_ape`, `trab_nom`, `trab_sexo`, `trab_fnac`, `trab_email`, `trab_tel`, `trab_est`, `trab_user`) VALUES
(1, '75200120', 'RAMIREZ RODRIGUEZ', 'JORGE LUIS', 1, '1999-10-14', 'jorge14.jlrr@gmail.com', NULL, 1, 75200120),
(2, '70327395', 'RODRIGUEZ RICHARTE', 'JOSEPH JOQTAN', 1, '1999-03-20', 'joqtan.jr@gmail.com', NULL, 1, 70327395),
(8, '46843503', 'MIÑAN RODRIGUEZ', 'TABATTA STEPHANNIE', 0, '1991-03-10', NULL, NULL, 1, 46843503),
(9, '72748576', 'SALAZAR ESTRADA', 'ENRIQUE FRANCO', 1, '1995-05-31', 'francosalazaress@gmail.com', '923236060', 1, 72748576),
(10, '25705360', 'GARCIA RIOFRIO', 'LESLIE DEL CARMEN', 0, '1971-10-10', 'lesliegarcia998ss@gmail.com', '960192808', 1, 25705360),
(11, '72567685', 'LICLA GUTIERREZ', 'LUIS FELIPE', 1, '1994-07-01', 'lflgingss@gmail.com', '938486959', 1, 72567685),
(12, '25501709', 'LA MADRID SALCEDO', 'JESUS RUPERTO', 1, '1956-03-29', 'jrlms_1229ss@gmail.com', '945371800', 1, 25501709),
(13, '72395197', 'FARROÑAN GONZALEZ', 'VIRGINIA YAMALY', 0, '1992-03-27', 'vyfg_fcb_ess@hotmail.com', '984033146', 1, 72395197),
(14, '25565399', 'PINEDA FLORES', 'ELIZABETH JULIA', 0, '1968-08-28', 'elipinedafloresss@hotmail.com', '922144772', 1, 25565399),
(15, '001878692', 'LESTON RICO', 'ALICIA', 0, '1969-01-13', 'alicialeston12ss@gmail.com', '992527353', 1, 1878692),
(16, '09082655', 'MENDOZA MEJIA', 'FLORENCIO JAIRO', 1, '1960-07-16', 'fjmm2003ss@hotmail.com', '942027023', 1, 9082655),
(17, '09038787', 'CASTRO BACA', 'ARMANDO CONSTANTINO', 1, '1942-04-27', 'atino27ss@gmail.com', '986152090', 1, 9038787),
(18, '70896008', 'MILLA OGOSI', 'ANDY MARCELO', 1, '2002-12-04', 'prueba@gmail.com', '946154875', 0, 70896008);

-- --------------------------------------------------------

--
-- Estructura de tabla para la tabla `users`
--

CREATE TABLE `users` (
  `id` int(10) UNSIGNED NOT NULL,
  `usuario` varchar(191) COLLATE utf8mb4_unicode_ci NOT NULL,
  `password` varchar(191) COLLATE utf8mb4_unicode_ci NOT NULL,
  `pwrd` varchar(100) COLLATE utf8mb4_unicode_ci DEFAULT NULL,
  `last_login` datetime DEFAULT NULL,
  `remember_token` varchar(100) COLLATE utf8mb4_unicode_ci DEFAULT NULL,
  `created_at` timestamp NULL DEFAULT NULL,
  `updated_at` timestamp NULL DEFAULT NULL
) ENGINE=InnoDB DEFAULT CHARSET=utf8mb4 COLLATE=utf8mb4_unicode_ci;

--
-- Volcado de datos para la tabla `users`
--

INSERT INTO `users` (`id`, `usuario`, `password`, `pwrd`, `last_login`, `remember_token`, `created_at`, `updated_at`) VALUES
(1878692, '001878692', '$2y$10$rU05f5KCkPpCwmnXSpArguseiPN8CPQPanYHCZ5yEuhKJS.nb2uoS', 'Alice1969', '2020-05-26 14:29:08', NULL, '2020-04-26 03:38:17', '2020-05-26 21:29:08'),
(9038787, '09038787', '$2y$10$pYK8pzgPsKGNFvU/O.3OO.BfZdL992BplPMI18TlZdNe5N58GHWkS', NULL, NULL, NULL, '2020-05-08 21:40:15', '2020-05-08 21:40:15'),
(9082655, '09082655', '$2y$10$355ddjwktZfokKgxPfxpmuODUXAgpZCthSYAYxTocK36tMpb46ajS', NULL, '2020-05-06 01:33:40', NULL, '2020-05-06 08:33:29', '2020-05-06 08:33:40'),
(25501709, '25501709', '$2y$10$0UhnLXeP/apOkPqddsbGu.zrPut3hQQZSNpanv4b8iDwFHvWIpsZq', 'bonnie123', '2020-06-03 23:36:10', NULL, '2020-04-25 05:14:58', '2020-06-04 06:36:10'),
(25565399, '25565399', '$2y$10$5x9IhYMTbFC8kLUjrg/bHOBcLtb/Eg6YJzOV5z7HO5k5sJuSp1JY6', '1968', '2020-07-14 18:38:07', NULL, '2020-04-25 05:26:17', '2020-07-15 01:38:07'),
(25705360, '25705360', '$2y$10$1QlAzp5Ssh36vkEZ99IsVu6WObgm4oICVj/RbNG0LG6an.ii4Vmj.', NULL, '2020-05-24 13:49:53', NULL, '2020-04-25 05:08:32', '2020-05-24 20:49:53'),
(46843503, '46843503', '$2y$10$GNe/EVPsVSSiMUok0tIkV.esMqcDZ7wjmjFL0b4R6tzHN1iLCjDja', 'bonnie123', '2020-07-14 17:18:35', NULL, '2020-04-25 04:52:16', '2020-07-15 00:18:35'),
(60796642, '60796642', '$2y$10$3oZsLnT.Oq9UTCpSE0OLLOuziH5d195RjsvMFxznkplfMoPd24T.u', NULL, '2020-05-28 00:26:17', NULL, '2020-05-03 16:59:50', '2020-05-28 07:26:17'),
(61184063, '61184063', '$2y$10$aKNtLYKmkZl/scwTI.0sjOvcTlPQFVUn8Y4GoLLC4caf5FdONb7iu', NULL, '2020-07-11 19:10:33', NULL, '2020-04-26 01:28:55', '2020-07-12 02:10:33'),
(61213486, '61213486', '$2y$10$JxLFWGovON1ms80ArzBixujBzCcHPKSVd9OSt6kOUgl.2Wa6PYM2W', NULL, '2020-05-14 17:16:26', NULL, '2020-04-26 00:58:26', '2020-05-15 00:16:26'),
(61876657, '61876657', '$2y$10$so7uvVXMlyuvwCI0lQVu3uqDjk3Xz.BUfu8mRCAhhwckcO0nGrLdC', NULL, '2020-05-13 17:48:13', NULL, '2020-04-26 20:32:01', '2020-05-14 00:48:13'),
(61887368, '61887368', '$2y$10$OdJUGmSYt8od3XiH7elkR.MYbUbADflQi8ipLp2w8DmWAbGW6sQJG', NULL, '2020-05-28 23:04:08', NULL, '2020-05-04 23:56:10', '2020-05-29 06:04:08'),
(61917834, '61917834', '$2y$10$TgsAmelIzrauvlWtSw/tR.kzvuw1YjDLxo.byW9lVHBMaBzrPLtDm', NULL, '2020-05-10 02:23:50', NULL, '2020-05-03 01:29:18', '2020-05-10 09:23:50'),
(61997881, '61997881', '$2y$10$4hL5w6rm0h5mmPt0RFBD5.W5dIWJfgJs/xR0efC8YXDOWazX77U5G', NULL, NULL, NULL, '2020-05-05 00:04:48', '2020-05-05 00:04:48'),
(62922064, '62922064', '$2y$10$iSbIs9NF04US5qDH1pkn7e5uOXQwuF4p8pbGDwNJuKpfVcH.ngAKe', NULL, NULL, NULL, '2020-05-03 16:23:21', '2020-05-03 16:23:21'),
(63160124, '63160124', '$2y$10$8dXYv63Gizzk0Rv4lKGNHO1jre0lrZY748iJVhwA..3./P3ptyxT6', NULL, '2020-05-06 12:16:18', NULL, '2020-05-03 01:39:34', '2020-05-06 19:16:18'),
(63304628, '63304628', '$2y$10$bR1BTGVVJ1oV1h2MBuSDRuF0mP9kIhA77JRfiQWSJP9wwsorHKvNC', NULL, NULL, NULL, '2020-05-03 16:08:19', '2020-05-03 16:08:19'),
(70327395, '70327395', '$2y$10$AS9QD69jt/Zre5WZKx1UGu/yq7FeWGFDLT.FOhMgAHz6W0/vW6xn.', '69LB.Pesteling', '2020-07-14 18:40:20', NULL, NULL, '2020-07-15 01:40:20'),
(70488782, '70488782', '$2y$10$R6r0xa3V8UpfUHB8mWNV2eH7S9bn0IDh5iA.mHXFF1r1E6QiMHxJi', NULL, NULL, NULL, '2020-05-03 16:24:41', '2020-05-03 16:24:41'),
(70592790, '70592790', '$2y$10$C/kEVHm524JwbkliGRixAuAhEWlYRFhL99BjqcUOFdPryhiG/R/n2', NULL, NULL, NULL, '2020-05-03 17:01:13', '2020-05-03 17:01:13'),
(70742621, '70742621', '$2y$10$16HgzamLqwK6nywMPiOOn.RkDqLiBJTbyN60iMstocIQepoK.tZTC', NULL, '2020-05-02 21:16:20', NULL, '2020-04-26 01:33:41', '2020-05-03 04:16:20'),
(70743435, '70743435', '$2y$10$fD7.kbVIIpUFGL.bjxLH/OewrZ/.kV6MBkxSv0E/WVc2hAPQn0BPq', NULL, '2020-05-01 00:25:14', NULL, '2020-04-26 00:41:15', '2020-05-01 07:25:14'),
(71146067, '71146067', '$2y$10$owt8lTZnBhzVC14gt4QFLuR8E6ufFi6yDOFGK7H3pOymGNMdIrd2a', NULL, NULL, NULL, '2020-04-26 20:34:09', '2020-04-26 20:34:09'),
(71169722, '71169722', '$2y$10$A0QPgOKtO6nl/D5Czxvn0ON7gzY1gZjReVDRegABF2BUYWZSl3T32', NULL, NULL, NULL, '2020-05-04 23:58:29', '2020-05-04 23:58:29'),
(71175886, '71175886', '$2y$10$MzHvpToOv2YPVmvnF960aeD0X1SAH6Y4GOBOBOBdHrfimnk6L0XYG', NULL, NULL, NULL, '2020-04-26 01:04:44', '2020-04-26 01:04:44'),
(71367888, '71367888', '$2y$10$jZ/HvqvVUzbfhCwW3cTed.Fd3g3/4l8mUVA2DaQLHIdb.xTcvcWgy', NULL, NULL, NULL, '2020-05-05 03:09:13', '2020-05-05 03:09:13'),
(72052749, '72052749', '$2y$10$6WqSqUXQC2pIk/32W50QXe5WEWeKgSpV3g2OQHb1VveTeXSjZoVYK', NULL, '2020-05-01 00:29:29', NULL, '2020-04-26 23:21:44', '2020-05-01 07:29:29'),
(72372581, '72372581', '$2y$10$lj4w.sRZSWWOv1c.Vmjcd.bW6RqPEIGRj74/Havr9KnSCCm5tKYzC', NULL, NULL, NULL, '2020-05-03 17:03:39', '2020-05-03 17:03:39'),
(72395197, '72395197', '$2y$10$.kfLkpxd39ARw3oAERO95ey7slQfO.c/6n4LZA90.tjk0xZwSsF1K', NULL, '2020-05-15 16:14:46', NULL, '2020-04-25 05:24:40', '2020-05-15 23:14:46'),
(72567685, '72567685', '$2y$10$Az1S2PG8GsDut1A335j38ub3OX9/UlB1efzRdI8qoDKon2Bz9dLuu', 'ingeniero21', '2020-05-18 00:10:20', NULL, '2020-04-25 05:13:27', '2020-05-18 07:10:20'),
(72738868, '72738868', '$2y$10$fST3.P9j5KWRMcNQBcBRruefZoA.5d1Rs6F469vN/KIHal/z0X8Lq', NULL, NULL, NULL, '2020-05-05 02:53:43', '2020-05-05 02:53:43'),
(72748576, '72748576', '$2y$10$w9K2LPc1eO1gnCbboqgWEOH/45GuhKFPnmYvIWVCwLIRlg9rhEzY.', 'TheEnd2011', '2020-06-03 23:41:57', NULL, '2020-04-25 05:03:16', '2020-06-04 06:41:57'),
(72903133, '72903133', '$2y$10$oo/Pofh9U6mVtdW.TSDTROIaqDsdlXeH2xSsoK72nNlUtmFTCeIwu', NULL, NULL, NULL, '2020-05-05 02:56:42', '2020-05-05 02:56:42'),
(72998023, '72998023', '$2y$10$CqnS.6AQjSTP4RpxzSZueeSOoVdnYOzrpQqU620/4kCCpdc.RggvG', NULL, NULL, NULL, '2020-05-05 00:01:25', '2020-05-05 00:01:25'),
(73010468, '73010468', '$2y$10$R5V71ior4AI9Pnvz.0wPc.kzfofOUhvfgbdfeqWvPTG5/1fYbs5W6', NULL, NULL, NULL, '2020-05-05 03:03:33', '2020-05-05 03:03:33'),
(73108006, '73108006', '$2y$10$Y5h0KhpHjjyc5UF00sITJ.eOa01xqcSp8I9cSP7v6aL.E8inPCWaW', NULL, NULL, NULL, '2020-05-05 01:20:22', '2020-05-05 01:20:22'),
(74107428, '74107428', '$2y$10$4P2RiBIOfY8HA5K6zZu1r.PIJidr6YCxUHrXZHwHTitAn7AU2uxwe', NULL, '2020-05-06 13:01:48', NULL, '2020-05-05 00:07:58', '2020-05-06 20:01:48'),
(74275103, '74275103', '$2y$10$jVRLVL7mVh.xOftKim56SO4bInEzLqPKKHl8lox9lm6Xd7NRGz46S', NULL, '2020-05-06 12:32:21', NULL, '2020-05-04 23:54:55', '2020-05-06 19:32:21'),
(74516988, '74516988', '$2y$10$qMyJD68DXz6Wakae6PbyL.qTdIqqhA4ZKfL9wQNvRpaXbX2dvIj9K', NULL, '2020-05-06 20:03:55', NULL, '2020-05-05 00:02:45', '2020-05-07 03:03:55'),
(74681279, '74681279', '$2y$10$dct99wdCeLVM0bf1q8CrN.auy73LTKEMq4NmBYqz4tpl8tI8.85mm', NULL, '2020-05-14 13:51:22', NULL, '2020-05-05 00:06:09', '2020-05-14 20:51:22'),
(74877020, '74877020', '$2y$10$XKlNrO4KuTEkGHqZYxHOuetsRau3dsOU53CfpxwbMh8aqiNI0HyqC', NULL, NULL, NULL, '2020-05-05 15:31:13', '2020-05-05 15:31:13'),
(75032578, '75032578', '$2y$10$2tttlIQE/38iHY3ApOEHm.c9vi3CPG7yaqyfAMlqtMngjAEpXDxm.', NULL, NULL, NULL, '2020-05-04 23:53:09', '2020-05-04 23:53:09'),
(75200120, '75200120', '$2y$10$lEDXk5MnlYFKRmmJPfWYm.x/ni32QiNz5lILHws1MpuFaNlJ1aT92', NULL, '2020-07-13 22:58:32', NULL, NULL, '2020-07-14 05:58:32'),
(75455178, '75455178', '$2y$10$9nF/ROqzH5WP8pZAI8KBzuE17m/16yWZYrQmDCN0n/83hX1lUv/HW', NULL, NULL, NULL, '2020-05-05 02:55:18', '2020-05-05 02:55:18'),
(75876911, '75876911', '$2y$10$JLBtuHonUBWeyV5pVDTVYOyevCn6Ml9U2cutVYHL4loA7m33O.8Qy', NULL, NULL, NULL, '2020-05-03 17:02:26', '2020-05-03 17:02:26'),
(76277258, '76277258', '$2y$10$WGsUOKCwLpT1nRwrGyzJmemv670v2X3eTF1BJWE60z20o5C2ep0bq', NULL, NULL, NULL, '2020-05-03 16:58:49', '2020-05-03 16:58:49'),
(76608869, '76608869', '$2y$10$ZVgJ8L5d40AL1ZlSBvtnHOkNetqiDPzYTOd2PvMS1zPL8ZHoqbKJe', NULL, NULL, NULL, '2020-05-05 03:26:39', '2020-05-05 03:26:39'),
(76703306, '76703306', '$2y$10$0HK0U72Ja/MA4CiBtgeIZ.xGjfiA4NzmugALysTMGrTCk6cA4T4Qm', NULL, NULL, NULL, '2020-05-03 01:23:03', '2020-05-03 01:23:03'),
(77093796, '77093796', '$2y$10$JP6eD5NB0sbAOtVq7VGU0uVS8u6nr9ifaGNyP15ichqUPI6K15Z6W', NULL, '2020-05-13 18:37:30', NULL, '2020-05-05 02:52:07', '2020-05-14 01:37:30'),
(77109917, '77109917', '$2y$10$HJ.Rs05rGhAn9Irl6rlAqe6sD9D.DJTZfbBwqIBd1YfimcepJDbpG', NULL, NULL, NULL, '2020-05-03 01:26:29', '2020-05-03 01:26:29'),
(77225584, '77225584', '$2y$10$Z/p6RcUwj5Aqzh68gPy.I..HUPeaprGxTuunmzybSoIkdlg9En0.m', NULL, NULL, NULL, '2020-05-03 17:04:37', '2020-05-03 17:04:37'),
(77307624, '77307624', '$2y$10$Ug9gCPldouXwBcXoED704.Lh7.NvKKynK9i8FAEaQK0.lYBudVzIC', NULL, NULL, NULL, '2020-05-03 16:19:42', '2020-05-03 16:19:42'),
(77308389, '77308389', '$2y$10$Uu6O96I3FUw7KJS7loy0MenSluBYxw0.0R0eXBvTCb9I0DN73NJnS', NULL, NULL, NULL, '2020-05-03 16:17:59', '2020-05-03 16:17:59'),
(77522755, '77522755', '$2y$10$hEpVIEJb0JVnzzkjbplo..MkM8XHEQZehg.LitjlPzX8IZlJJPs4m', NULL, NULL, NULL, '2020-05-03 01:31:58', '2020-05-03 01:31:58'),
(77622455, '77622455', '$2y$10$8OOYUGwgjW2efw20RErCcetnUL1aYSrCmgVquickhPmhwiGO.BY4u', NULL, NULL, NULL, '2020-05-03 16:09:55', '2020-05-03 16:09:55'),
(77738642, '77738642', '$2y$10$T7mxe7trHCMvsUt2qRmQ.eeqkAO07teKHdmLGhb31e0z7OZOWxE2S', NULL, '2020-05-06 12:10:56', NULL, '2020-05-05 01:27:06', '2020-05-06 19:10:56'),
(77751151, '77751151', '$2y$10$KMlSC4DVW4Y3XkNkxeFbM.sBjhlxuC9CWsKl6sZOqE7LkUEttG7wK', NULL, '2020-05-12 09:24:11', NULL, '2020-05-03 01:37:13', '2020-05-12 16:24:11'),
(77959950, '77959950', '$2y$10$VOvb9NTalfjjPnPZwkvY1urbp5pzbiYOZY4sTFpQh0E2U/4kGY8.C', NULL, NULL, NULL, '2020-05-03 01:13:51', '2020-05-03 01:13:51'),
(78148343, '78148343', '$2y$10$gnEY7MBs4QymPJJIdCGQW.imcwF37AuxEv./2adZxaz8PWgZwOR9.', NULL, '2020-05-24 13:51:07', NULL, '2020-05-03 01:19:49', '2020-05-24 20:51:07'),
(78468782, '78468782', '$2y$10$J.KWPTVOgBY6c1fQJwUYXuDS65bVnsT1/ecwb/NaKY5iS7RFIg9k.', NULL, '2020-07-14 17:54:25', NULL, '2020-05-03 01:18:05', '2020-07-15 00:54:25'),
(79647016, '79647016', '$2y$10$Z6wALAoL65z/gNiMN3C.PuyHiz64ZUh5f6g7sVFWeQMybZVkI1aGu', NULL, NULL, NULL, '2020-05-06 18:53:52', '2020-05-06 18:53:52'),
(81225823, '81225823', '$2y$10$LrzYdP2LEzJWOiMIDVHnnuvKbO9vVegwEJC/gwI/rjhSdRgFcRwhO', NULL, NULL, NULL, '2020-05-03 01:24:13', '2020-05-03 01:24:13');

-- --------------------------------------------------------

--
-- Estructura de tabla para la tabla `video`
--

CREATE TABLE `video` (
  `id` int(11) NOT NULL,
  `titulo` varchar(100) NOT NULL,
  `link` text NOT NULL,
  `idalumno` int(11) NOT NULL,
  `idsecre` int(11) NOT NULL,
  `fecha` timestamp NOT NULL DEFAULT CURRENT_TIMESTAMP ON UPDATE CURRENT_TIMESTAMP
) ENGINE=InnoDB DEFAULT CHARSET=utf8;

--
-- Volcado de datos para la tabla `video`
--

INSERT INTO `video` (`id`, `titulo`, `link`, `idalumno`, `idsecre`, `fecha`) VALUES
(1, 'FELIZ DIA MAMITA ALARQUINA NIVEL IV', 'https://www.youtube.com/embed/6euFtweR_I8', 61887368, 72395197, '2020-05-10 15:57:18'),
(2, 'FELIZ DIA MAMITA ALARQUINA NIVEL IV', 'https://www.youtube.com/embed/6euFtweR_I8', 74275103, 72395197, '2020-05-10 15:57:39'),
(3, 'FELIZ DIA MAMITA ALARQUINA NIVEL IV', 'https://www.youtube.com/embed/6euFtweR_I8', 74107428, 72395197, '2020-05-10 15:57:44'),
(4, 'FELIZ DIA MAMITA ALARQUINA NIVEL IV', 'https://www.youtube.com/embed/6euFtweR_I8', 72998023, 72395197, '2020-05-10 15:58:16'),
(5, 'FELIZ DIA MAMITA ALARQUINA NIVEL IV', 'https://www.youtube.com/embed/6euFtweR_I8', 75032578, 72395197, '2020-05-10 15:58:18'),
(6, 'FELIZ DIA MAMITA ALARQUINA NIVEL IV', 'https://www.youtube.com/embed/6euFtweR_I8', 74681279, 72395197, '2020-05-10 15:58:21'),
(7, 'FELIZ DIA MAMITA ALARQUINA NIVEL IV', 'https://www.youtube.com/embed/6euFtweR_I8', 71367888, 72395197, '2020-05-10 15:58:25'),
(8, 'FELIZ DIA MAMITA ALARQUINA NIVEL IV', 'https://www.youtube.com/embed/6euFtweR_I8', 74516988, 72395197, '2020-05-10 15:58:27'),
(9, 'FELIZ DIA MAMITA ALARQUINA NIVEL IV', 'https://www.youtube.com/embed/6euFtweR_I8', 71169722, 72395197, '2020-05-10 15:58:30'),
(10, 'Feliz día mamá', 'https://www.youtube.com/embed/1uEfuMLeJHs', 60796642, 46843503, '2020-05-11 20:17:44'),
(11, 'Feliz día mamá', 'https://www.youtube.com/embed/1uEfuMLeJHs', 76277258, 46843503, '2020-05-11 20:17:50'),
(12, 'Feliz día mamá', 'https://www.youtube.com/embed/1uEfuMLeJHs', 75876911, 46843503, '2020-05-11 20:17:53'),
(13, 'Feliz día mamá', 'https://www.youtube.com/embed/1uEfuMLeJHs', 70488782, 46843503, '2020-05-11 20:17:56'),
(14, 'Feliz día mamá', 'https://www.youtube.com/embed/1uEfuMLeJHs', 70742621, 46843503, '2020-05-11 20:17:58'),
(15, 'Feliz día mamá', 'https://www.youtube.com/embed/1uEfuMLeJHs', 72372581, 46843503, '2020-05-11 20:18:01'),
(16, 'Feliz día mamá', 'https://www.youtube.com/embed/1uEfuMLeJHs', 79647016, 46843503, '2020-05-11 20:18:03'),
(17, 'Feliz día mamá', 'https://www.youtube.com/embed/1uEfuMLeJHs', 70592790, 46843503, '2020-05-11 20:18:05'),
(18, 'Feliz día mamá', 'https://www.youtube.com/embed/1uEfuMLeJHs', 73108006, 46843503, '2020-05-11 20:18:08');

--
-- Índices para tablas volcadas
--

--
-- Indices de la tabla `alumno`
--
ALTER TABLE `alumno`
  ADD PRIMARY KEY (`alum_id`),
  ADD UNIQUE KEY `alumno_alum_dni_unique` (`alum_dni`);

--
-- Indices de la tabla `alumno_curso`
--
ALTER TABLE `alumno_curso`
  ADD PRIMARY KEY (`id`);

--
-- Indices de la tabla `apoderado`
--
ALTER TABLE `apoderado`
  ADD PRIMARY KEY (`apod_id`),
  ADD UNIQUE KEY `apoderado_apod_dni_unique` (`apod_dni`);

--
-- Indices de la tabla `asignatura`
--
ALTER TABLE `asignatura`
  ADD PRIMARY KEY (`asig_id`);

--
-- Indices de la tabla `asignatura_docente`
--
ALTER TABLE `asignatura_docente`
  ADD PRIMARY KEY (`id`);

--
-- Indices de la tabla `asistencia`
--
ALTER TABLE `asistencia`
  ADD PRIMARY KEY (`asis_id`);

--
-- Indices de la tabla `curso`
--
ALTER TABLE `curso`
  ADD PRIMARY KEY (`curs_id`);

--
-- Indices de la tabla `encuesta`
--
ALTER TABLE `encuesta`
  ADD PRIMARY KEY (`enc_id`);

--
-- Indices de la tabla `examen_linea`
--
ALTER TABLE `examen_linea`
  ADD PRIMARY KEY (`exa_id`);

--
-- Indices de la tabla `migrations`
--
ALTER TABLE `migrations`
  ADD PRIMARY KEY (`id`);

--
-- Indices de la tabla `notas`
--
ALTER TABLE `notas`
  ADD PRIMARY KEY (`not_id`);

--
-- Indices de la tabla `pagos`
--
ALTER TABLE `pagos`
  ADD PRIMARY KEY (`id`);

--
-- Indices de la tabla `recurso`
--
ALTER TABLE `recurso`
  ADD PRIMARY KEY (`rec_id`);

--
-- Indices de la tabla `recvideo`
--
ALTER TABLE `recvideo`
  ADD PRIMARY KEY (`vid_id`);

--
-- Indices de la tabla `roles`
--
ALTER TABLE `roles`
  ADD PRIMARY KEY (`id`);

--
-- Indices de la tabla `role_user`
--
ALTER TABLE `role_user`
  ADD PRIMARY KEY (`id`);

--
-- Indices de la tabla `trabajador`
--
ALTER TABLE `trabajador`
  ADD PRIMARY KEY (`trab_id`),
  ADD UNIQUE KEY `trabajador_trab_dni_unique` (`trab_dni`);

--
-- Indices de la tabla `users`
--
ALTER TABLE `users`
  ADD PRIMARY KEY (`id`);

--
-- Indices de la tabla `video`
--
ALTER TABLE `video`
  ADD PRIMARY KEY (`id`);

--
-- AUTO_INCREMENT de las tablas volcadas
--

--
-- AUTO_INCREMENT de la tabla `alumno`
--
ALTER TABLE `alumno`
  MODIFY `alum_id` int(10) UNSIGNED NOT NULL AUTO_INCREMENT, AUTO_INCREMENT=57;

--
-- AUTO_INCREMENT de la tabla `alumno_curso`
--
ALTER TABLE `alumno_curso`
  MODIFY `id` bigint(20) UNSIGNED NOT NULL AUTO_INCREMENT, AUTO_INCREMENT=351;

--
-- AUTO_INCREMENT de la tabla `apoderado`
--
ALTER TABLE `apoderado`
  MODIFY `apod_id` int(10) UNSIGNED NOT NULL AUTO_INCREMENT, AUTO_INCREMENT=52;

--
-- AUTO_INCREMENT de la tabla `asignatura`
--
ALTER TABLE `asignatura`
  MODIFY `asig_id` bigint(20) UNSIGNED NOT NULL AUTO_INCREMENT, AUTO_INCREMENT=9;

--
-- AUTO_INCREMENT de la tabla `asignatura_docente`
--
ALTER TABLE `asignatura_docente`
  MODIFY `id` bigint(20) UNSIGNED NOT NULL AUTO_INCREMENT, AUTO_INCREMENT=25;

--
-- AUTO_INCREMENT de la tabla `asistencia`
--
ALTER TABLE `asistencia`
  MODIFY `asis_id` bigint(20) UNSIGNED NOT NULL AUTO_INCREMENT, AUTO_INCREMENT=2422;

--
-- AUTO_INCREMENT de la tabla `curso`
--
ALTER TABLE `curso`
  MODIFY `curs_id` bigint(20) UNSIGNED NOT NULL AUTO_INCREMENT, AUTO_INCREMENT=79;

--
-- AUTO_INCREMENT de la tabla `encuesta`
--
ALTER TABLE `encuesta`
  MODIFY `enc_id` int(11) NOT NULL AUTO_INCREMENT, AUTO_INCREMENT=2;

--
-- AUTO_INCREMENT de la tabla `examen_linea`
--
ALTER TABLE `examen_linea`
  MODIFY `exa_id` bigint(20) UNSIGNED NOT NULL AUTO_INCREMENT;

--
-- AUTO_INCREMENT de la tabla `migrations`
--
ALTER TABLE `migrations`
  MODIFY `id` int(10) UNSIGNED NOT NULL AUTO_INCREMENT, AUTO_INCREMENT=15;

--
-- AUTO_INCREMENT de la tabla `notas`
--
ALTER TABLE `notas`
  MODIFY `not_id` bigint(20) UNSIGNED NOT NULL AUTO_INCREMENT, AUTO_INCREMENT=357;

--
-- AUTO_INCREMENT de la tabla `pagos`
--
ALTER TABLE `pagos`
  MODIFY `id` int(11) NOT NULL AUTO_INCREMENT, AUTO_INCREMENT=33;

--
-- AUTO_INCREMENT de la tabla `recurso`
--
ALTER TABLE `recurso`
  MODIFY `rec_id` bigint(20) UNSIGNED NOT NULL AUTO_INCREMENT, AUTO_INCREMENT=5;

--
-- AUTO_INCREMENT de la tabla `recvideo`
--
ALTER TABLE `recvideo`
  MODIFY `vid_id` int(11) NOT NULL AUTO_INCREMENT, AUTO_INCREMENT=4;

--
-- AUTO_INCREMENT de la tabla `roles`
--
ALTER TABLE `roles`
  MODIFY `id` int(10) UNSIGNED NOT NULL AUTO_INCREMENT, AUTO_INCREMENT=5;

--
-- AUTO_INCREMENT de la tabla `role_user`
--
ALTER TABLE `role_user`
  MODIFY `id` int(10) UNSIGNED NOT NULL AUTO_INCREMENT, AUTO_INCREMENT=75;

--
-- AUTO_INCREMENT de la tabla `trabajador`
--
ALTER TABLE `trabajador`
  MODIFY `trab_id` int(10) UNSIGNED NOT NULL AUTO_INCREMENT, AUTO_INCREMENT=19;

--
-- AUTO_INCREMENT de la tabla `users`
--
ALTER TABLE `users`
  MODIFY `id` int(10) UNSIGNED NOT NULL AUTO_INCREMENT, AUTO_INCREMENT=81225824;

--
-- AUTO_INCREMENT de la tabla `video`
--
ALTER TABLE `video`
  MODIFY `id` int(11) NOT NULL AUTO_INCREMENT, AUTO_INCREMENT=19;
COMMIT;

/*!40101 SET CHARACTER_SET_CLIENT=@OLD_CHARACTER_SET_CLIENT */;
/*!40101 SET CHARACTER_SET_RESULTS=@OLD_CHARACTER_SET_RESULTS */;
/*!40101 SET COLLATION_CONNECTION=@OLD_COLLATION_CONNECTION */;
